CveID,Cvss3.1,Cvss4.0
CVE-2025-2691,CVSS:3.1/AV:N/AC:L/PR:N/UI:N/S:U/C:H/I:L/A:N/E:P,CVSS:4.0/AV:N/AC:L/AT:N/PR:N/UI:N/VC:H/VI:L/VA:N/SC:N/SI:N/SA:N/E:P
CVE-2025-6624,CVSS:3.1/AV:L/AC:H/PR:H/UI:R/S:C/C:H/I:H/A:H/E:P,CVSS:4.0/AV:L/AC:H/AT:P/PR:H/UI:P/VC:L/VI:N/VA:N/SC:H/SI:H/SA:H/E:P
CVE-2025-3191,CVSS:3.1/AV:N/AC:L/PR:N/UI:R/S:C/C:L/I:L/A:N/E:P,CVSS:4.0/AV:N/AC:L/AT:N/PR:N/UI:A/VC:N/VI:L/VA:N/SC:L/SI:L/SA:N/E:P
CVE-2025-3573,CVSS:3.1/AV:N/AC:L/PR:N/UI:R/S:C/C:L/I:L/A:N,CVSS:4.0/AV:N/AC:L/AT:N/PR:N/UI:P/VC:N/VI:L/VA:N/SC:L/SI:L/SA:N
CVE-2025-3197,CVSS:3.1/AV:N/AC:L/PR:N/UI:N/S:U/C:L/I:L/A:L,CVSS:4.0/AV:N/AC:L/AT:N/PR:N/UI:N/VC:L/VI:L/VA:L/SC:N/SI:N/SA:N/E:P
CVE-2025-3194,CVSS:3.1/AV:N/AC:L/PR:N/UI:N/S:U/C:N/I:N/A:H/E:P,CVSS:4.0/AV:N/AC:L/AT:N/PR:N/UI:N/VC:N/VI:N/VA:H/SC:N/SI:N/SA:N/E:P
CVE-2025-3192,CVSS:3.1/AV:N/AC:L/PR:N/UI:N/S:U/C:H/I:L/A:N/E:P,CVSS:4.0/AV:N/AC:L/AT:N/PR:N/UI:N/VC:H/VI:L/VA:N/SC:N/SI:N/SA:N/E:P
CVE-2025-8267,CVSS:3.1/AV:N/AC:L/PR:N/UI:N/S:U/C:H/I:L/A:N/E:P,CVSS:4.0/AV:N/AC:L/AT:N/PR:N/UI:N/VC:H/VI:L/VA:N/SC:N/SI:N/SA:N/E:P
CVE-2025-8021,CVSS:3.1/AV:N/AC:L/PR:N/UI:N/S:U/C:H/I:N/A:N/E:P,CVSS:4.0/AV:N/AC:L/AT:N/PR:N/UI:N/VC:H/VI:N/VA:N/SC:N/SI:N/SA:N/E:P
CVE-2025-8020,CVSS:3.1/AV:N/AC:L/PR:N/UI:N/S:U/C:H/I:L/A:N/E:P,CVSS:4.0/AV:N/AC:L/AT:N/PR:N/UI:N/VC:H/VI:L/VA:N/SC:N/SI:N/SA:N/E:P
CVE-2025-8264,CVSS:3.1/AV:N/AC:H/PR:N/UI:N/S:C/C:H/I:H/A:H/E:P,CVSS:4.0/AV:N/AC:L/AT:P/PR:N/UI:N/VC:N/VI:H/VA:N/SC:H/SI:H/SA:H/E:P
CVE-2025-25273,CVSS:3.1/AV:L/AC:H/PR:L/UI:N/S:C/C:H/I:H/A:H,CVSS:4.0/AV:L/AC:H/AT:N/PR:L/UI:N/VC:H/VI:H/VA:H/SC:H/SI:H/SA:H
CVE-2025-21096,CVSS:3.1/AV:L/AC:H/PR:H/UI:N/S:U/C:N/I:L/A:N,CVSS:4.0/AV:L/AC:H/AT:N/PR:H/UI:N/VC:N/VI:L/VA:N/SC:N/SI:N/SA:N
CVE-2025-21081,CVSS:3.1/AV:L/AC:H/PR:L/UI:N/S:U/C:L/I:L/A:L,CVSS:4.0/AV:L/AC:H/AT:P/PR:L/UI:N/VC:L/VI:L/VA:L/SC:N/SI:N/SA:N
CVE-2025-21086,CVSS:3.1/AV:L/AC:H/PR:L/UI:N/S:C/C:N/I:H/A:H,CVSS:4.0/AV:L/AC:H/AT:N/PR:L/UI:N/VC:N/VI:H/VA:H/SC:N/SI:N/SA:H
CVE-2025-21090,CVSS:3.1/AV:L/AC:L/PR:L/UI:N/S:C/C:N/I:N/A:H,CVSS:4.0/AV:P/AC:L/AT:P/PR:L/UI:N/VC:N/VI:N/VA:H/SC:N/SI:N/SA:N
CVE-2025-21100,CVSS:3.1/AV:L/AC:H/PR:H/UI:N/S:U/C:H/I:N/A:N,CVSS:4.0/AV:L/AC:H/AT:P/PR:H/UI:N/VC:H/VI:N/VA:N/SC:N/SI:N/SA:N
CVE-2025-21093,CVSS:3.1/AV:L/AC:H/PR:L/UI:R/S:U/C:H/I:H/A:H,CVSS:4.0/AV:L/AC:H/AT:N/PR:L/UI:P/VC:H/VI:H/VA:H/SC:N/SI:N/SA:N
CVE-2025-21094,CVSS:3.1/AV:L/AC:H/PR:H/UI:N/S:C/C:H/I:H/A:H,CVSS:4.0/AV:L/AC:L/AT:P/PR:H/UI:N/VC:H/VI:H/VA:H/SC:H/SI:H/SA:H
CVE-2025-21099,CVSS:3.1/AV:L/AC:H/PR:L/UI:R/S:U/C:H/I:H/A:H,CVSS:4.0/AV:L/AC:H/AT:P/PR:L/UI:A/VC:H/VI:H/VA:H/SC:N/SI:N/SA:N
CVE-2025-20625,CVSS:3.1/AV:A/AC:L/PR:N/UI:N/S:C/C:N/I:N/A:H,CVSS:4.0/AV:A/AC:L/AT:N/PR:N/UI:N/VC:N/VI:N/VA:H/SC:N/SI:N/SA:L
CVE-2025-20074,CVSS:3.1/AV:L/AC:L/PR:L/UI:N/S:U/C:H/I:H/A:H,CVSS:4.0/AV:L/AC:L/AT:P/PR:L/UI:N/VC:H/VI:H/VA:H/SC:N/SI:N/SA:N
CVE-2025-20023,CVSS:3.1/AV:L/AC:H/PR:L/UI:R/S:U/C:H/I:H/A:H,CVSS:4.0/AV:L/AC:H/AT:P/PR:L/UI:A/VC:H/VI:H/VA:H/SC:N/SI:N/SA:N
CVE-2025-20062,CVSS:3.1/AV:A/AC:H/PR:N/UI:N/S:C/C:N/I:N/A:H,CVSS:4.0/AV:A/AC:H/AT:N/PR:N/UI:N/VC:N/VI:N/VA:H/SC:N/SI:N/SA:H
CVE-2025-20629,CVSS:3.1/AV:L/AC:H/PR:L/UI:R/S:U/C:H/I:H/A:H,CVSS:4.0/AV:L/AC:H/AT:P/PR:L/UI:P/VC:H/VI:H/VA:H/SC:N/SI:N/SA:N
CVE-2025-20015,CVSS:3.1/AV:L/AC:H/PR:L/UI:R/S:U/C:H/I:H/A:H,CVSS:4.0/AV:L/AC:H/AT:P/PR:L/UI:A/VC:H/VI:H/VA:H/SC:N/SI:N/SA:N
CVE-2025-20054,CVSS:3.1/AV:L/AC:L/PR:L/UI:N/S:C/C:N/I:N/A:H,CVSS:4.0/AV:L/AC:L/AT:N/PR:L/UI:N/VC:N/VI:N/VA:H/SC:N/SI:N/SA:N
CVE-2025-20003,CVSS:3.1/AV:L/AC:L/PR:L/UI:R/S:C/C:H/I:H/A:H,CVSS:4.0/AV:L/AC:L/AT:P/PR:L/UI:N/VC:H/VI:H/VA:H/SC:N/SI:N/SA:N
CVE-2025-20097,CVSS:3.1/AV:N/AC:L/PR:L/UI:N/S:U/C:N/I:N/A:L,CVSS:4.0/AV:N/AC:L/AT:N/PR:L/UI:N/VC:N/VI:N/VA:L/SC:N/SI:N/SA:N
CVE-2025-20613,CVSS:3.1/AV:L/AC:L/PR:L/UI:N/S:U/C:L/I:N/A:N,CVSS:4.0/AV:L/AC:L/AT:P/PR:L/UI:N/VC:L/VI:N/VA:N/SC:N/SI:N/SA:N
CVE-2025-20039,CVSS:3.1/AV:A/AC:L/PR:N/UI:R/S:C/C:N/I:N/A:H,CVSS:4.0/AV:A/AC:L/AT:P/PR:N/UI:P/VC:N/VI:N/VA:H/SC:N/SI:N/SA:H
CVE-2025-20612,CVSS:3.1/AV:A/AC:L/PR:L/UI:N/S:U/C:L/I:L/A:L,CVSS:4.0/AV:A/AC:L/AT:N/PR:L/UI:N/VC:L/VI:L/VA:L/SC:N/SI:N/SA:N
CVE-2025-20079,CVSS:3.1/AV:L/AC:H/PR:L/UI:R/S:U/C:H/I:H/A:H,CVSS:4.0/AV:L/AC:H/AT:P/PR:L/UI:A/VC:H/VI:H/VA:H/SC:N/SI:N/SA:N
CVE-2025-20043,CVSS:3.1/AV:L/AC:H/PR:L/UI:R/S:U/C:H/I:H/A:H,CVSS:4.0/AV:L/AC:H/AT:P/PR:L/UI:P/VC:H/VI:H/VA:H/SC:N/SI:N/SA:N
CVE-2025-20034,CVSS:3.1/AV:L/AC:H/PR:H/UI:N/S:C/C:H/I:N/A:N,CVSS:4.0/AV:L/AC:H/AT:P/PR:H/UI:N/VC:H/VI:N/VA:N/SC:N/SI:N/SA:N
CVE-2025-20022,CVSS:3.1/AV:A/AC:H/PR:H/UI:N/S:U/C:H/I:N/A:H,CVSS:4.0/AV:A/AC:H/AT:P/PR:H/UI:N/VC:H/VI:N/VA:H/SC:N/SI:N/SA:N
CVE-2025-20624,CVSS:3.1/AV:A/AC:L/PR:L/UI:N/S:U/C:H/I:N/A:N,CVSS:4.0/AV:A/AC:L/AT:N/PR:L/UI:N/VC:H/VI:N/VA:N/SC:N/SI:N/SA:N
CVE-2025-20018,CVSS:3.1/AV:L/AC:L/PR:L/UI:N/S:C/C:N/I:H/A:H,CVSS:4.0/AV:L/AC:L/AT:N/PR:L/UI:N/VC:N/VI:H/VA:H/SC:N/SI:N/SA:N
CVE-2025-20013,CVSS:3.1/AV:L/AC:L/PR:L/UI:N/S:U/C:H/I:N/A:N,CVSS:4.0/AV:L/AC:L/AT:N/PR:L/UI:N/VC:L/VI:N/VA:N/SC:L/SI:L/SA:L
CVE-2025-20044,CVSS:3.1/AV:L/AC:H/PR:H/UI:N/S:U/C:N/I:H/A:N,CVSS:4.0/AV:L/AC:H/AT:P/PR:H/UI:N/VC:N/VI:H/VA:N/SC:N/SI:N/SA:N
CVE-2025-20101,CVSS:3.1/AV:L/AC:L/PR:L/UI:N/S:C/C:H/I:N/A:H,CVSS:4.0/AV:L/AC:L/AT:N/PR:L/UI:N/VC:H/VI:N/VA:H/SC:N/SI:N/SA:N
CVE-2025-20052,CVSS:3.1/AV:L/AC:L/PR:L/UI:N/S:C/C:N/I:L/A:H,CVSS:4.0/AV:L/AC:L/AT:N/PR:L/UI:N/VC:N/VI:L/VA:H/SC:N/SI:N/SA:N
CVE-2025-20087,CVSS:3.1/AV:L/AC:H/PR:L/UI:R/S:U/C:H/I:H/A:H,CVSS:4.0/AV:L/AC:H/AT:P/PR:L/UI:A/VC:H/VI:H/VA:H/SC:N/SI:N/SA:N
CVE-2025-20623,CVSS:3.1/AV:L/AC:H/PR:L/UI:N/S:C/C:H/I:N/A:N,CVSS:4.0/AV:L/AC:H/AT:P/PR:L/UI:N/VC:H/VI:N/VA:N/SC:N/SI:N/SA:N
CVE-2025-20048,CVSS:3.1/AV:L/AC:H/PR:L/UI:R/S:U/C:H/I:H/A:H,CVSS:4.0/AV:L/AC:H/AT:P/PR:L/UI:A/VC:H/VI:H/VA:H/SC:N/SI:N/SA:N
CVE-2025-20009,CVSS:3.1/AV:L/AC:H/PR:H/UI:N/S:U/C:H/I:N/A:N,CVSS:4.0/AV:L/AC:H/AT:P/PR:H/UI:N/VC:H/VI:N/VA:N/SC:N/SI:N/SA:N
CVE-2025-20025,CVSS:3.1/AV:L/AC:H/PR:L/UI:R/S:U/C:N/I:N/A:H,CVSS:4.0/AV:L/AC:H/AT:P/PR:L/UI:A/VC:N/VI:N/VA:H/SC:N/SI:N/SA:N
CVE-2025-20032,CVSS:3.1/AV:L/AC:L/PR:H/UI:N/S:C/C:N/I:H/A:H,CVSS:4.0/AV:L/AC:L/AT:N/PR:H/UI:N/VC:N/VI:H/VA:H/SC:N/SI:H/SA:H
CVE-2025-20618,CVSS:3.1/AV:L/AC:L/PR:H/UI:N/S:C/C:N/I:H/A:H,CVSS:4.0/AV:L/AC:L/AT:N/PR:H/UI:N/VC:N/VI:H/VA:H/SC:N/SI:H/SA:H
CVE-2025-20008,CVSS:3.1/AV:L/AC:L/PR:H/UI:R/S:C/C:H/I:H/A:H,CVSS:4.0/AV:L/AC:L/AT:P/PR:H/UI:A/VC:H/VI:H/VA:H/SC:N/SI:N/SA:N
CVE-2025-20090,CVSS:3.1/AV:L/AC:L/PR:L/UI:N/S:U/C:N/I:N/A:H,CVSS:4.0/AV:L/AC:L/AT:N/PR:L/UI:N/VC:N/VI:N/VA:H/SC:N/SI:N/SA:N
CVE-2025-20004,CVSS:3.1/AV:L/AC:H/PR:H/UI:N/S:C/C:H/I:H/A:N,CVSS:4.0/AV:L/AC:H/AT:P/PR:H/UI:N/VC:H/VI:H/VA:N/SC:H/SI:H/SA:N
CVE-2025-20053,CVSS:3.1/AV:L/AC:H/PR:H/UI:N/S:C/C:H/I:H/A:N,CVSS:4.0/AV:L/AC:H/AT:N/PR:H/UI:N/VC:H/VI:H/VA:N/SC:N/SI:N/SA:N
CVE-2025-20100,CVSS:3.1/AV:L/AC:H/PR:H/UI:N/S:C/C:H/I:H/A:H,CVSS:4.0/AV:L/AC:H/AT:P/PR:H/UI:N/VC:H/VI:H/VA:H/SC:H/SI:H/SA:H
CVE-2025-20012,CVSS:3.1/AV:P/AC:H/PR:N/UI:N/S:C/C:H/I:N/A:N,CVSS:4.0/AV:P/AC:H/AT:P/PR:N/UI:N/VC:H/VI:N/VA:N/SC:N/SI:N/SA:N
CVE-2025-20093,CVSS:3.1/AV:L/AC:L/PR:L/UI:R/S:C/C:H/I:H/A:H,CVSS:4.0/AV:L/AC:L/AT:N/PR:L/UI:P/VC:H/VI:H/VA:H/SC:H/SI:H/SA:H
CVE-2025-20103,CVSS:3.1/AV:L/AC:L/PR:L/UI:N/S:C/C:N/I:N/A:H,CVSS:4.0/AV:L/AC:L/AT:P/PR:L/UI:N/VC:N/VI:N/VA:H/SC:N/SI:N/SA:N
CVE-2025-20046,CVSS:3.1/AV:A/AC:H/PR:N/UI:N/S:C/C:N/I:H/A:H,CVSS:4.0/AV:A/AC:L/AT:P/PR:N/UI:N/VC:N/VI:H/VA:H/SC:N/SI:H/SA:H
CVE-2025-20031,CVSS:3.1/AV:L/AC:L/PR:L/UI:N/S:C/C:N/I:N/A:H,CVSS:4.0/AV:L/AC:L/AT:N/PR:L/UI:N/VC:N/VI:N/VA:H/SC:N/SI:N/SA:N
CVE-2025-20071,CVSS:3.1/AV:L/AC:L/PR:L/UI:N/S:C/C:N/I:N/A:H,CVSS:4.0/AV:L/AC:L/AT:N/PR:L/UI:N/VC:N/VI:N/VA:H/SC:N/SI:N/SA:N
CVE-2025-20026,CVSS:3.1/AV:A/AC:H/PR:N/UI:N/S:C/C:N/I:N/A:H,CVSS:4.0/AV:A/AC:H/AT:P/PR:N/UI:N/VC:N/VI:N/VA:H/SC:N/SI:N/SA:H
CVE-2025-20030,CVSS:3.1/AV:A/AC:H/PR:L/UI:N/S:U/C:L/I:N/A:N,CVSS:4.0/AV:A/AC:H/AT:N/PR:L/UI:N/VC:L/VI:N/VA:N/SC:N/SI:N/SA:N
CVE-2025-20067,CVSS:3.1/AV:L/AC:L/PR:H/UI:N/S:C/C:H/I:N/A:N,CVSS:4.0/AV:L/AC:L/AT:P/PR:H/UI:N/VC:H/VI:N/VA:N/SC:H/SI:N/SA:N
CVE-2025-20047,CVSS:3.1/AV:P/AC:H/PR:N/UI:N/S:U/C:H/I:H/A:N,CVSS:4.0/AV:P/AC:H/AT:P/PR:N/UI:N/VC:H/VI:H/VA:N/SC:N/SI:N/SA:N
CVE-2025-20006,CVSS:3.1/AV:A/AC:L/PR:N/UI:N/S:C/C:N/I:N/A:H,CVSS:4.0/AV:A/AC:L/AT:N/PR:N/UI:N/VC:N/VI:N/VA:H/SC:N/SI:N/SA:H
CVE-2025-20092,CVSS:3.1/AV:L/AC:H/PR:L/UI:R/S:U/C:H/I:H/A:H,CVSS:4.0/AV:L/AC:H/AT:P/PR:L/UI:A/VC:H/VI:H/VA:H/SC:N/SI:N/SA:N
CVE-2025-20616,CVSS:3.1/AV:A/AC:L/PR:L/UI:N/S:U/C:L/I:L/A:L,CVSS:4.0/AV:A/AC:L/AT:P/PR:L/UI:N/VC:L/VI:L/VA:L/SC:L/SI:L/SA:L
CVE-2025-20084,CVSS:3.1/AV:A/AC:L/PR:L/UI:N/S:U/C:N/I:N/A:L,CVSS:4.0/AV:A/AC:L/AT:N/PR:L/UI:N/VC:N/VI:N/VA:L/SC:N/SI:N/SA:N
CVE-2025-20037,CVSS:3.1/AV:L/AC:H/PR:H/UI:N/S:C/C:N/I:H/A:H,CVSS:4.0/AV:L/AC:H/AT:P/PR:H/UI:N/VC:N/VI:H/VA:H/SC:N/SI:N/SA:H
CVE-2025-20076,CVSS:3.1/AV:A/AC:H/PR:N/UI:N/S:U/C:L/I:L/A:L,CVSS:4.0/AV:A/AC:H/AT:N/PR:N/UI:P/VC:L/VI:L/VA:L/SC:N/SI:N/SA:N
CVE-2025-20099,CVSS:3.1/AV:L/AC:H/PR:L/UI:R/S:U/C:H/I:H/A:H,CVSS:4.0/AV:L/AC:H/AT:P/PR:L/UI:A/VC:H/VI:H/VA:H/SC:N/SI:N/SA:N
CVE-2025-20109,CVSS:3.1/AV:L/AC:H/PR:L/UI:N/S:C/C:H/I:H/A:H,CVSS:4.0/AV:L/AC:H/AT:P/PR:L/UI:N/VC:H/VI:H/VA:H/SC:N/SI:N/SA:N
CVE-2025-20627,CVSS:3.1/AV:L/AC:H/PR:L/UI:R/S:U/C:H/I:H/A:H,CVSS:4.0/AV:L/AC:H/AT:P/PR:L/UI:A/VC:H/VI:H/VA:H/SC:N/SI:N/SA:N
CVE-2025-20083,CVSS:3.1/AV:L/AC:H/PR:H/UI:N/S:C/C:H/I:H/A:H,CVSS:4.0/AV:L/AC:H/AT:N/PR:H/UI:N/VC:H/VI:H/VA:H/SC:N/SI:N/SA:N
CVE-2025-20611,CVSS:3.1/AV:L/AC:H/PR:L/UI:N/S:U/C:H/I:N/A:N,CVSS:4.0/AV:L/AC:H/AT:N/PR:L/UI:N/VC:H/VI:N/VA:N/SC:N/SI:N/SA:N
CVE-2025-20095,CVSS:3.1/AV:L/AC:H/PR:L/UI:R/S:U/C:H/I:H/A:H,CVSS:4.0/AV:L/AC:H/AT:P/PR:L/UI:A/VC:H/VI:H/VA:H/SC:N/SI:N/SA:N
CVE-2025-20017,CVSS:3.1/AV:L/AC:H/PR:L/UI:R/S:U/C:H/I:H/A:H,CVSS:4.0/AV:L/AC:H/AT:P/PR:L/UI:A/VC:H/VI:H/VA:H/SC:N/SI:N/SA:N
CVE-2025-20104,CVSS:3.1/AV:L/AC:L/PR:L/UI:R/S:U/C:H/I:H/A:H,CVSS:4.0/AV:L/AC:L/AT:P/PR:L/UI:P/VC:H/VI:H/VA:H/SC:N/SI:N/SA:N
CVE-2025-20041,CVSS:3.1/AV:L/AC:H/PR:L/UI:R/S:U/C:H/I:H/A:H,CVSS:4.0/AV:L/AC:H/AT:P/PR:L/UI:A/VC:H/VI:H/VA:H/SC:N/SI:N/SA:N
CVE-2025-20057,CVSS:3.1/AV:A/AC:L/PR:L/UI:N/S:U/C:N/I:N/A:L,CVSS:4.0/AV:A/AC:L/AT:N/PR:L/UI:N/VC:N/VI:N/VA:L/SC:N/SI:N/SA:N
CVE-2025-20082,CVSS:3.1/AV:L/AC:H/PR:H/UI:N/S:C/C:H/I:H/A:H,CVSS:4.0/AV:L/AC:H/AT:P/PR:H/UI:N/VC:H/VI:H/VA:H/SC:H/SI:H/SA:H
CVE-2025-20108,CVSS:3.1/AV:L/AC:H/PR:L/UI:R/S:U/C:H/I:H/A:H,CVSS:4.0/AV:L/AC:L/AT:P/PR:L/UI:A/VC:H/VI:H/VA:H/SC:N/SI:N/SA:N
CVE-2025-20077,CVSS:3.1/AV:L/AC:H/PR:H/UI:N/S:C/C:N/I:N/A:H,CVSS:4.0/AV:L/AC:H/AT:N/PR:H/UI:N/VC:N/VI:N/VA:H/SC:N/SI:N/SA:N
CVE-2025-24324,CVSS:3.1/AV:L/AC:H/PR:L/UI:N/S:C/C:N/I:L/A:N,CVSS:4.0/AV:L/AC:H/AT:N/PR:L/UI:N/VC:N/VI:L/VA:N/SC:N/SI:L/SA:N
CVE-2025-24308,CVSS:3.1/AV:L/AC:H/PR:H/UI:N/S:C/C:H/I:H/A:H,CVSS:4.0/AV:L/AC:H/AT:P/PR:H/UI:N/VC:H/VI:H/VA:H/SC:H/SI:H/SA:H
CVE-2025-24484,CVSS:3.1/AV:L/AC:H/PR:L/UI:N/S:C/C:H/I:H/A:H,CVSS:4.0/AV:L/AC:H/AT:N/PR:L/UI:N/VC:H/VI:H/VA:H/SC:H/SI:H/SA:H
CVE-2025-24305,CVSS:3.1/AV:L/AC:H/PR:H/UI:N/S:C/C:H/I:H/A:N,CVSS:4.0/AV:L/AC:H/AT:N/PR:H/UI:N/VC:H/VI:H/VA:N/SC:N/SI:N/SA:N
CVE-2025-24313,CVSS:3.1/AV:L/AC:L/PR:H/UI:N/S:U/C:N/I:N/A:H,CVSS:4.0/AV:L/AC:L/AT:N/PR:H/UI:N/VC:N/VI:N/VA:H/SC:N/SI:N/SA:N
CVE-2025-24515,CVSS:3.1/AV:L/AC:L/PR:L/UI:N/S:C/C:N/I:N/A:H,CVSS:4.0/AV:L/AC:L/AT:N/PR:L/UI:N/VC:N/VI:N/VA:H/SC:N/SI:N/SA:N
CVE-2025-24923,CVSS:3.1/AV:L/AC:H/PR:L/UI:R/S:U/C:H/I:H/A:H,CVSS:4.0/AV:L/AC:H/AT:P/PR:L/UI:A/VC:H/VI:H/VA:H/SC:N/SI:N/SA:N
CVE-2025-24523,CVSS:3.1/AV:A/AC:L/PR:L/UI:N/S:U/C:N/I:N/A:L,CVSS:4.0/AV:A/AC:L/AT:N/PR:L/UI:N/VC:N/VI:N/VA:L/SC:N/SI:N/SA:N
CVE-2025-24325,CVSS:3.1/AV:L/AC:L/PR:L/UI:N/S:C/C:H/I:H/A:H,CVSS:4.0/AV:L/AC:L/AT:N/PR:L/UI:N/VC:H/VI:H/VA:H/SC:H/SI:H/SA:H
CVE-2025-24302,CVSS:3.1/AV:L/AC:H/PR:L/UI:R/S:U/C:H/I:H/A:H,CVSS:4.0/AV:L/AC:H/AT:P/PR:L/UI:A/VC:H/VI:H/VA:H/SC:N/SI:N/SA:N
CVE-2025-24323,CVSS:3.1/AV:L/AC:L/PR:H/UI:R/S:U/C:H/I:H/A:H,CVSS:4.0/AV:L/AC:L/AT:N/PR:H/UI:P/VC:H/VI:H/VA:H/SC:N/SI:N/SA:N
CVE-2025-24495,CVSS:3.1/AV:L/AC:H/PR:L/UI:N/S:C/C:H/I:N/A:N,CVSS:4.0/AV:L/AC:H/AT:P/PR:L/UI:N/VC:H/VI:N/VA:N/SC:H/SI:N/SA:N
CVE-2025-24303,CVSS:3.1/AV:L/AC:H/PR:L/UI:N/S:C/C:H/I:H/A:H,CVSS:4.0/AV:L/AC:H/AT:N/PR:L/UI:N/VC:H/VI:H/VA:H/SC:H/SI:H/SA:H
CVE-2025-24840,CVSS:3.1/AV:A/AC:H/PR:N/UI:N/S:C/C:L/I:L/A:L,CVSS:4.0/AV:A/AC:H/AT:P/PR:N/UI:N/VC:L/VI:L/VA:L/SC:N/SI:N/SA:N
CVE-2025-24835,CVSS:3.1/AV:L/AC:L/PR:L/UI:N/S:C/C:N/I:N/A:H,CVSS:4.0/AV:L/AC:L/AT:P/PR:L/UI:P/VC:N/VI:N/VA:H/SC:N/SI:N/SA:N
CVE-2025-24511,CVSS:3.1/AV:L/AC:L/PR:L/UI:N/S:U/C:L/I:N/A:N,CVSS:4.0/AV:L/AC:L/AT:P/PR:L/UI:N/VC:L/VI:N/VA:N/SC:N/SI:N/SA:N
CVE-2025-24520,CVSS:3.1/AV:L/AC:L/PR:L/UI:N/S:U/C:L/I:N/A:N,CVSS:4.0/AV:L/AC:L/AT:N/PR:L/UI:N/VC:L/VI:N/VA:N/SC:N/SI:N/SA:N
CVE-2025-24486,CVSS:3.1/AV:L/AC:H/PR:L/UI:N/S:C/C:H/I:H/A:H,CVSS:4.0/AV:L/AC:H/AT:N/PR:L/UI:N/VC:H/VI:H/VA:H/SC:H/SI:H/SA:H
CVE-2025-24296,CVSS:3.1/AV:L/AC:L/PR:H/UI:N/S:C/C:N/I:N/A:H,CVSS:4.0/AV:L/AC:L/AT:N/PR:H/UI:P/VC:N/VI:N/VA:H/SC:N/SI:N/SA:N
CVE-2025-24921,CVSS:3.1/AV:A/AC:L/PR:N/UI:R/S:C/C:H/I:N/A:N,CVSS:4.0/AV:A/AC:L/AT:N/PR:N/UI:P/VC:H/VI:N/VA:N/SC:N/SI:N/SA:N
CVE-2025-23233,CVSS:3.1/AV:A/AC:L/PR:L/UI:N/S:U/C:N/I:L/A:N,CVSS:4.0/AV:A/AC:L/AT:N/PR:L/UI:N/VC:N/VI:L/VA:N/SC:N/SI:L/SA:N
CVE-2025-23241,CVSS:3.1/AV:L/AC:L/PR:L/UI:N/S:C/C:N/I:L/A:H,CVSS:4.0/AV:L/AC:L/AT:N/PR:L/UI:N/VC:N/VI:L/VA:H/SC:H/SI:H/SA:H
CVE-2025-27250,CVSS:3.1/AV:A/AC:L/PR:L/UI:N/S:U/C:N/I:N/A:L,CVSS:4.0/AV:A/AC:L/AT:N/PR:L/UI:N/VC:N/VI:N/VA:L/SC:N/SI:N/SA:N
CVE-2025-27559,CVSS:3.1/AV:L/AC:H/PR:L/UI:R/S:U/C:H/I:H/A:H,CVSS:4.0/AV:L/AC:H/AT:P/PR:L/UI:A/VC:H/VI:H/VA:H/SC:N/SI:N/SA:N
CVE-2025-27717,CVSS:3.1/AV:L/AC:H/PR:L/UI:R/S:U/C:H/I:H/A:H,CVSS:4.0/AV:L/AC:H/AT:P/PR:L/UI:A/VC:H/VI:H/VA:H/SC:N/SI:N/SA:N
CVE-2025-27537,CVSS:3.1/AV:A/AC:L/PR:L/UI:N/S:U/C:L/I:L/A:L,CVSS:4.0/AV:A/AC:L/AT:N/PR:L/UI:N/VC:L/VI:L/VA:L/SC:N/SI:N/SA:N
CVE-2025-27576,CVSS:3.1/AV:L/AC:H/PR:N/UI:N/S:U/C:N/I:N/A:L,CVSS:4.0/AV:L/AC:H/AT:N/PR:N/UI:N/VC:N/VI:N/VA:L/SC:N/SI:N/SA:N
CVE-2025-27707,CVSS:3.1/AV:A/AC:H/PR:L/UI:N/S:U/C:N/I:N/A:L,CVSS:4.0/AV:A/AC:H/AT:N/PR:L/UI:N/VC:N/VI:N/VA:L/SC:N/SI:N/SA:L
CVE-2025-26470,CVSS:3.1/AV:L/AC:H/PR:L/UI:R/S:U/C:H/I:H/A:H,CVSS:4.0/AV:L/AC:H/AT:P/PR:L/UI:A/VC:H/VI:H/VA:H/SC:N/SI:N/SA:N
CVE-2025-26472,CVSS:3.1/AV:A/AC:L/PR:L/UI:N/S:U/C:N/I:N/A:H,CVSS:4.0/AV:A/AC:L/AT:P/PR:L/UI:N/VC:N/VI:N/VA:H/SC:N/SI:N/SA:L
CVE-2025-26404,CVSS:3.1/AV:L/AC:H/PR:L/UI:R/S:U/C:H/I:H/A:H,CVSS:4.0/AV:L/AC:H/AT:P/PR:L/UI:A/VC:H/VI:H/VA:H/SC:N/SI:N/SA:N
CVE-2025-26403,CVSS:3.1/AV:L/AC:H/PR:H/UI:N/S:C/C:H/I:H/A:N,CVSS:4.0/AV:L/AC:H/AT:N/PR:H/UI:N/VC:N/VI:N/VA:N/SC:H/SI:H/SA:N
CVE-2025-26697,CVSS:3.1/AV:L/AC:L/PR:L/UI:N/S:U/C:N/I:N/A:L,CVSS:4.0/AV:L/AC:L/AT:N/PR:L/UI:N/VC:N/VI:N/VA:L/SC:N/SI:N/SA:N
CVE-2025-26863,CVSS:3.1/AV:L/AC:L/PR:L/UI:N/S:C/C:N/I:N/A:L,CVSS:4.0/AV:L/AC:L/AT:N/PR:L/UI:N/VC:N/VI:N/VA:L/SC:N/SI:N/SA:L
CVE-2025-32086,CVSS:3.1/AV:L/AC:H/PR:H/UI:N/S:C/C:H/I:H/A:N,CVSS:4.0/AV:L/AC:H/AT:N/PR:H/UI:N/VC:N/VI:N/VA:N/SC:H/SI:H/SA:N
CVE-2025-32004,CVSS:3.1/AV:L/AC:H/PR:H/UI:N/S:C/C:L/I:L/A:N,CVSS:4.0/AV:L/AC:H/AT:P/PR:H/UI:N/VC:N/VI:N/VA:N/SC:L/SI:L/SA:N
CVE-2025-22839,CVSS:3.1/AV:A/AC:H/PR:H/UI:N/S:C/C:H/I:H/A:L,CVSS:4.0/AV:A/AC:H/AT:P/PR:H/UI:N/VC:H/VI:H/VA:L/SC:N/SI:N/SA:N
CVE-2025-22843,CVSS:3.1/AV:L/AC:H/PR:L/UI:N/S:C/C:H/I:H/A:H,CVSS:4.0/AV:L/AC:H/AT:N/PR:L/UI:N/VC:H/VI:H/VA:H/SC:H/SI:H/SA:H
CVE-2025-22838,CVSS:3.1/AV:L/AC:H/PR:L/UI:R/S:U/C:H/I:H/A:H,CVSS:4.0/AV:L/AC:H/AT:P/PR:L/UI:A/VC:H/VI:H/VA:H/SC:N/SI:N/SA:N
CVE-2025-22844,CVSS:3.1/AV:A/AC:L/PR:N/UI:N/S:U/C:L/I:N/A:N,CVSS:4.0/AV:A/AC:L/AT:N/PR:N/UI:N/VC:L/VI:N/VA:N/SC:L/SI:N/SA:N
CVE-2025-22448,CVSS:3.1/AV:L/AC:L/PR:L/UI:N/S:U/C:N/I:L/A:H,CVSS:4.0/AV:N/AC:L/AT:N/PR:L/UI:A/VC:N/VI:L/VA:H/SC:N/SI:N/SA:N
CVE-2025-22848,CVSS:3.1/AV:A/AC:L/PR:L/UI:N/S:U/C:N/I:N/A:L,CVSS:4.0/AV:A/AC:L/AT:N/PR:L/UI:N/VC:N/VI:N/VA:L/SC:N/SI:N/SA:L
CVE-2025-22392,CVSS:3.1/AV:N/AC:H/PR:H/UI:N/S:U/C:H/I:N/A:N,CVSS:4.0/AV:N/AC:H/AT:P/PR:H/UI:N/VC:H/VI:N/VA:N/SC:N/SI:N/SA:N
CVE-2025-22853,CVSS:3.1/AV:L/AC:L/PR:H/UI:N/S:U/C:N/I:L/A:N,CVSS:4.0/AV:L/AC:L/AT:P/PR:H/UI:N/VC:N/VI:N/VA:N/SC:N/SI:L/SA:N
CVE-2025-22446,CVSS:3.1/AV:A/AC:L/PR:L/UI:N/S:U/C:L/I:L/A:N,CVSS:4.0/AV:A/AC:L/AT:N/PR:L/UI:N/VC:L/VI:L/VA:N/SC:L/SI:L/SA:N
CVE-2025-22893,CVSS:3.1/AV:L/AC:H/PR:L/UI:N/S:C/C:H/I:H/A:H,CVSS:4.0/AV:L/AC:H/AT:N/PR:L/UI:N/VC:H/VI:H/VA:H/SC:H/SI:H/SA:H
CVE-2025-22889,CVSS:3.1/AV:L/AC:L/PR:H/UI:N/S:C/C:H/I:H/A:N,CVSS:4.0/AV:L/AC:L/AT:P/PR:H/UI:N/VC:H/VI:H/VA:N/SC:N/SI:N/SA:N
CVE-2025-22892,CVSS:3.1/AV:A/AC:L/PR:N/UI:N/S:U/C:N/I:N/A:H,CVSS:4.0/AV:A/AC:L/AT:N/PR:N/UI:N/VC:N/VI:N/VA:H/SC:N/SI:N/SA:N
CVE-2025-22840,CVSS:3.1/AV:L/AC:H/PR:L/UI:R/S:C/C:H/I:H/A:L,CVSS:4.0/AV:L/AC:H/AT:P/PR:L/UI:P/VC:H/VI:H/VA:L/SC:N/SI:N/SA:N
CVE-2025-22895,CVSS:3.1/AV:L/AC:L/PR:L/UI:N/S:U/C:H/I:N/A:N,CVSS:4.0/AV:L/AC:L/AT:N/PR:L/UI:N/VC:L/VI:N/VA:N/SC:H/SI:N/SA:N
CVE-2025-22836,CVSS:3.1/AV:L/AC:H/PR:L/UI:N/S:C/C:H/I:H/A:H,CVSS:4.0/AV:L/AC:H/AT:N/PR:L/UI:N/VC:H/VI:H/VA:H/SC:H/SI:H/SA:H
CVE-2025-4759,CVSS:3.1/AV:N/AC:L/PR:N/UI:N/S:C/C:L/I:L/A:L/E:P,CVSS:4.0/AV:N/AC:L/AT:N/PR:N/UI:N/VC:N/VI:N/VA:N/SC:L/SI:L/SA:L/E:P
CVE-2025-1302,CVSS:3.1/AV:N/AC:L/PR:N/UI:N/S:U/C:H/I:H/A:H/E:P,CVSS:4.0/AV:N/AC:L/AT:N/PR:N/UI:N/VC:H/VI:H/VA:H/SC:N/SI:N/SA:N/E:P
CVE-2025-1211,CVSS:3.1/AV:N/AC:H/PR:N/UI:N/S:C/C:L/I:L/A:L/E:P,CVSS:4.0/AV:N/AC:L/AT:P/PR:N/UI:N/VC:L/VI:N/VA:N/SC:L/SI:L/SA:L/E:P
CVE-2025-1026,CVSS:3.1/AV:N/AC:L/PR:N/UI:N/S:C/C:H/I:N/A:N/E:P,CVSS:4.0/AV:N/AC:L/AT:N/PR:N/UI:N/VC:N/VI:N/VA:N/SC:H/SI:N/SA:N/E:P
CVE-2025-1979,CVSS:3.1/AV:L/AC:H/PR:L/UI:N/S:C/C:H/I:L/A:N,CVSS:4.0/AV:L/AC:L/AT:P/PR:L/UI:N/VC:H/VI:N/VA:N/SC:L/SI:L/SA:N
CVE-2025-1467,CVSS:3.1/AV:N/AC:L/PR:N/UI:R/S:C/C:L/I:L/A:N/E:P,CVSS:4.0/AV:N/AC:L/AT:N/PR:N/UI:A/VC:N/VI:L/VA:N/SC:L/SI:L/SA:N/E:P
CVE-2025-1022,CVSS:3.1/AV:N/AC:L/PR:N/UI:N/S:U/C:H/I:L/A:N/E:P,CVSS:4.0/AV:N/AC:L/AT:N/PR:N/UI:N/VC:H/VI:L/VA:N/SC:N/SI:N/SA:N/E:P
CVE-2025-1686,CVSS:3.1/AV:N/AC:L/PR:H/UI:N/S:C/C:H/I:N/A:N/E:P,CVSS:4.0/AV:N/AC:L/AT:N/PR:H/UI:N/VC:N/VI:N/VA:N/SC:H/SI:N/SA:N/E:P
CVE-2025-1025,CVSS:3.1/AV:N/AC:L/PR:N/UI:N/S:U/C:N/I:H/A:N/E:P,CVSS:4.0/AV:N/AC:L/AT:N/PR:N/UI:N/VC:N/VI:H/VA:N/SC:N/SI:N/SA:N/E:P
CVE-2025-5273,CVSS:3.1/AV:N/AC:L/PR:N/UI:R/S:U/C:H/I:N/A:N/E:P,CVSS:4.0/AV:N/AC:L/AT:N/PR:N/UI:A/VC:H/VI:N/VA:N/SC:H/SI:N/SA:N/E:P
CVE-2025-5277,CVSS:3.1/AV:N/AC:L/PR:N/UI:R/S:C/C:H/I:H/A:H,CVSS:4.0/AV:N/AC:L/AT:N/PR:N/UI:A/VC:H/VI:H/VA:H/SC:H/SI:H/SA:H
CVE-2025-5276,CVSS:3.1/AV:N/AC:L/PR:N/UI:R/S:C/C:H/I:N/A:N/E:P,CVSS:4.0/AV:N/AC:L/AT:N/PR:N/UI:A/VC:H/VI:N/VA:N/SC:H/SI:N/SA:N/E:P
CVE-2024-7059,CVSS:3.1/AV:N/AC:H/PR:H/UI:N/S:C/C:H/I:H/A:H,CVSS:4.0/AV:N/AC:H/AT:P/PR:H/UI:N/VC:H/VI:H/VA:H/SC:H/SI:H/SA:H
CVE-2024-35245,CVSS:3.1/AV:L/AC:H/PR:L/UI:R/S:U/C:H/I:H/A:H,CVSS:4.0/AV:L/AC:H/AT:P/PR:L/UI:A/VC:H/VI:H/VA:H/SC:N/SI:N/SA:N
CVE-2024-35201,CVSS:3.1/AV:L/AC:H/PR:L/UI:R/S:U/C:H/I:H/A:H,CVSS:4.0/AV:L/AC:H/AT:P/PR:L/UI:A/VC:H/VI:H/VA:H/SC:N/SI:N/SA:N
CVE-2024-25571,CVSS:3.1/AV:L/AC:L/PR:H/UI:N/S:U/C:N/I:N/A:L,CVSS:4.0/AV:L/AC:L/AT:N/PR:H/UI:N/VC:N/VI:N/VA:L/SC:N/SI:N/SA:N
CVE-2024-25561,CVSS:3.1/AV:L/AC:H/PR:L/UI:R/S:U/C:H/I:H/A:H,CVSS:4.0/AV:L/AC:H/AT:P/PR:L/UI:A/VC:H/VI:H/VA:H/SC:N/SI:N/SA:N
CVE-2024-25576,CVSS:3.1/AV:L/AC:L/PR:H/UI:N/S:C/C:H/I:H/A:N,CVSS:4.0/AV:L/AC:L/AT:P/PR:H/UI:N/VC:H/VI:H/VA:N/SC:H/SI:H/SA:N
CVE-2024-25563,CVSS:3.1/AV:L/AC:L/PR:H/UI:N/S:U/C:L/I:L/A:N,CVSS:4.0/AV:L/AC:L/AT:N/PR:H/UI:N/VC:L/VI:L/VA:N/SC:N/SI:N/SA:N
CVE-2024-25562,CVSS:3.1/AV:L/AC:H/PR:L/UI:N/S:U/C:L/I:L/A:H,CVSS:4.0/AV:L/AC:H/AT:P/PR:L/UI:N/VC:L/VI:N/VA:H/SC:N/SI:N/SA:N
CVE-2024-25939,CVSS:3.1/AV:L/AC:L/PR:H/UI:N/S:C/C:N/I:N/A:H,CVSS:4.0/AV:L/AC:L/AT:N/PR:H/UI:N/VC:N/VI:N/VA:H/SC:N/SI:N/SA:N
CVE-2024-25647,CVSS:3.1/AV:L/AC:H/PR:L/UI:R/S:U/C:H/I:H/A:H,CVSS:4.0/AV:L/AC:H/AT:P/PR:L/UI:A/VC:H/VI:H/VA:H/SC:N/SI:N/SA:N
CVE-2024-25565,CVSS:3.1/AV:L/AC:L/PR:L/UI:N/S:C/C:N/I:N/A:L,CVSS:4.0/AV:L/AC:L/AT:N/PR:L/UI:N/VC:N/VI:N/VA:L/SC:N/SI:N/SA:N
CVE-2024-40885,CVSS:3.1/AV:L/AC:H/PR:H/UI:N/S:U/C:H/I:H/A:H,CVSS:4.0/AV:L/AC:H/AT:P/PR:H/UI:N/VC:H/VI:H/VA:H/SC:H/SI:H/SA:H
CVE-2024-40887,CVSS:3.1/AV:A/AC:H/PR:N/UI:N/S:C/C:N/I:N/A:H,CVSS:4.0/AV:A/AC:H/AT:P/PR:N/UI:N/VC:N/VI:N/VA:H/SC:N/SI:N/SA:L
CVE-2024-31158,CVSS:3.1/AV:L/AC:H/PR:H/UI:N/S:C/C:H/I:H/A:H,CVSS:4.0/AV:L/AC:L/AT:P/PR:H/UI:N/VC:H/VI:H/VA:H/SC:H/SI:H/SA:H
CVE-2024-31154,CVSS:3.1/AV:L/AC:H/PR:H/UI:N/S:C/C:H/I:H/A:H,CVSS:4.0/AV:L/AC:H/AT:P/PR:H/UI:N/VC:H/VI:H/VA:H/SC:H/SI:H/SA:H
CVE-2024-31155,CVSS:3.1/AV:L/AC:H/PR:H/UI:N/S:C/C:H/I:H/A:H,CVSS:4.0/AV:L/AC:H/AT:P/PR:H/UI:N/VC:H/VI:H/VA:H/SC:H/SI:H/SA:H
CVE-2024-31407,CVSS:3.1/AV:L/AC:H/PR:L/UI:R/S:U/C:H/I:H/A:H,CVSS:4.0/AV:L/AC:H/AT:P/PR:L/UI:A/VC:H/VI:H/VA:H/SC:N/SI:N/SA:N
CVE-2024-31153,CVSS:3.1/AV:L/AC:L/PR:L/UI:R/S:U/C:N/I:N/A:H,CVSS:4.0/AV:L/AC:L/AT:N/PR:L/UI:P/VC:N/VI:N/VA:H/SC:N/SI:N/SA:N
CVE-2024-31150,CVSS:3.1/AV:L/AC:L/PR:L/UI:N/S:C/C:L/I:N/A:N,CVSS:4.0/AV:L/AC:L/AT:N/PR:L/UI:N/VC:L/VI:N/VA:N/SC:N/SI:N/SA:N
CVE-2024-31074,CVSS:3.1/AV:N/AC:H/PR:N/UI:N/S:U/C:H/I:N/A:N,CVSS:4.0/AV:N/AC:H/AT:P/PR:N/UI:N/VC:H/VI:N/VA:N/SC:N/SI:N/SA:N
CVE-2024-31068,CVSS:3.1/AV:L/AC:H/PR:H/UI:N/S:C/C:N/I:N/A:H,CVSS:4.0/AV:L/AC:H/AT:N/PR:H/UI:N/VC:N/VI:N/VA:H/SC:N/SI:N/SA:N
CVE-2024-31157,CVSS:3.1/AV:L/AC:H/PR:H/UI:N/S:C/C:H/I:N/A:N,CVSS:4.0/AV:L/AC:H/AT:P/PR:H/UI:N/VC:H/VI:N/VA:N/SC:H/SI:N/SA:N
CVE-2024-31073,CVSS:3.1/AV:L/AC:H/PR:L/UI:R/S:U/C:H/I:H/A:H,CVSS:4.0/AV:L/AC:H/AT:P/PR:L/UI:A/VC:H/VI:H/VA:H/SC:N/SI:N/SA:N
CVE-2024-31858,CVSS:3.1/AV:L/AC:L/PR:L/UI:N/S:U/C:H/I:H/A:H,CVSS:4.0/AV:L/AC:L/AT:P/PR:L/UI:N/VC:H/VI:H/VA:H/SC:N/SI:N/SA:N
CVE-2024-21820,CVSS:3.1/AV:L/AC:H/PR:H/UI:N/S:C/C:H/I:H/A:N,CVSS:4.0/AV:L/AC:H/AT:P/PR:H/UI:N/VC:H/VI:H/VA:N/SC:H/SI:H/SA:N
CVE-2024-21549,CVSS:3.1/AV:N/AC:L/PR:N/UI:N/S:C/C:H/I:N/A:N/E:P,CVSS:4.0/AV:N/AC:L/AT:N/PR:N/UI:N/VC:N/VI:N/VA:N/SC:H/SI:N/SA:N/E:P
CVE-2024-21857,CVSS:3.1/AV:L/AC:H/PR:L/UI:R/S:U/C:H/I:H/A:H,CVSS:4.0/AV:L/AC:H/AT:P/PR:L/UI:A/VC:H/VI:H/VA:H/SC:N/SI:N/SA:N
CVE-2024-21787,CVSS:3.1/AV:L/AC:H/PR:H/UI:N/S:U/C:H/I:H/A:H,CVSS:4.0/AV:L/AC:H/AT:N/PR:H/UI:N/VC:H/VI:H/VA:H/SC:N/SI:N/SA:N
CVE-2024-21544,CVSS:3.1/AV:N/AC:L/PR:N/UI:N/S:C/C:H/I:N/A:N/E:P,CVSS:4.0/AV:N/AC:L/AT:N/PR:N/UI:N/VC:N/VI:N/VA:N/SC:H/SI:N/SA:N/E:P
CVE-2024-21801,CVSS:3.1/AV:L/AC:L/PR:N/UI:N/S:C/C:N/I:N/A:H,CVSS:4.0/AV:L/AC:L/AT:P/PR:H/UI:N/VC:H/VI:H/VA:N/SC:H/SI:N/SA:N
CVE-2024-21769,CVSS:3.1/AV:L/AC:H/PR:L/UI:R/S:U/C:H/I:H/A:H,CVSS:4.0/AV:L/AC:L/AT:P/PR:L/UI:A/VC:H/VI:H/VA:H/SC:N/SI:N/SA:N
CVE-2024-21548,CVSS:3.1/AV:N/AC:H/PR:L/UI:N/S:U/C:H/I:H/A:H/E:P,CVSS:4.0/AV:N/AC:L/AT:P/PR:L/UI:N/VC:H/VI:H/VA:H/SC:N/SI:N/SA:N/E:P
CVE-2024-21538,CVSS:3.1/AV:N/AC:L/PR:N/UI:N/S:U/C:N/I:N/A:H/E:P,CVSS:4.0/AV:N/AC:L/AT:N/PR:N/UI:N/VC:N/VI:N/VA:H/SC:N/SI:N/SA:N/E:P
CVE-2024-21781,CVSS:3.1/AV:L/AC:H/PR:H/UI:N/S:C/C:H/I:N/A:H,CVSS:4.0/AV:L/AC:H/AT:P/PR:H/UI:N/VC:H/VI:N/VA:H/SC:H/SI:N/SA:H
CVE-2024-21806,CVSS:3.1/AV:L/AC:L/PR:L/UI:N/S:U/C:N/I:N/A:H,CVSS:4.0/AV:L/AC:L/AT:P/PR:L/UI:N/VC:N/VI:N/VA:H/SC:N/SI:N/SA:H
CVE-2024-21543,CVSS:3.1/AV:N/AC:L/PR:L/UI:N/S:U/C:H/I:L/A:N/E:P,CVSS:4.0/AV:N/AC:L/AT:N/PR:L/UI:N/VC:H/VI:L/VA:N/SC:N/SI:N/SA:N/E:P
CVE-2024-21810,CVSS:3.1/AV:L/AC:L/PR:L/UI:N/S:C/C:H/I:H/A:H,CVSS:4.0/AV:L/AC:L/AT:N/PR:L/UI:N/VC:H/VI:H/VA:H/SC:H/SI:H/SA:H
CVE-2024-21830,CVSS:3.1/AV:L/AC:H/PR:L/UI:R/S:U/C:H/I:H/A:H,CVSS:4.0/AV:L/AC:H/AT:P/PR:L/UI:A/VC:H/VI:H/VA:H/SC:N/SI:N/SA:N
CVE-2024-21871,CVSS:3.1/AV:L/AC:H/PR:H/UI:N/S:C/C:H/I:H/A:H,CVSS:4.0/AV:L/AC:H/AT:P/PR:H/UI:P/VC:H/VI:H/VA:H/SC:H/SI:H/SA:H
CVE-2024-21575,CVSS:3.1/AV:N/AC:L/PR:N/UI:N/S:C/C:N/I:H/A:N,CVSS:4.0/AV:N/AC:L/AT:N/PR:N/UI:N/VC:N/VI:H/VA:N/SC:N/SI:H/SA:N
CVE-2024-21574,CVSS:3.1/AV:N/AC:L/PR:N/UI:N/S:C/C:H/I:H/A:H,CVSS:4.0/AV:N/AC:L/AT:N/PR:N/UI:N/VC:H/VI:H/VA:H/SC:H/SI:H/SA:H
CVE-2024-21515,CVSS:3.1/AV:N/AC:H/PR:N/UI:R/S:U/C:L/I:L/A:N/E:P,CVSS:4.0/AV:N/AC:L/AT:P/PR:N/UI:A/VC:L/VI:L/VA:N/SC:N/SI:N/SA:N/E:P
CVE-2024-21542,CVSS:3.1/AV:N/AC:L/PR:N/UI:N/S:C/C:N/I:H/A:N/E:P,CVSS:4.0/AV:N/AC:L/AT:N/PR:N/UI:N/VC:N/VI:L/VA:N/SC:N/SI:H/SA:N/E:P
CVE-2024-21807,CVSS:3.1/AV:L/AC:L/PR:L/UI:N/S:C/C:H/I:H/A:H,CVSS:4.0/AV:L/AC:L/AT:N/PR:L/UI:N/VC:H/VI:H/VA:H/SC:H/SI:H/SA:H
CVE-2024-21850,CVSS:3.1/AV:L/AC:L/PR:H/UI:N/S:U/C:H/I:H/A:N,CVSS:4.0/AV:L/AC:L/AT:N/PR:H/UI:N/VC:H/VI:H/VA:N/SC:N/SI:N/SA:N
CVE-2024-21516,CVSS:3.1/AV:N/AC:H/PR:N/UI:R/S:U/C:L/I:L/A:N/E:P,CVSS:4.0/AV:N/AC:L/AT:P/PR:N/UI:A/VC:L/VI:L/VA:N/SC:N/SI:N/SA:N/E:P
CVE-2024-21541,CVSS:3.1/AV:N/AC:L/PR:N/UI:N/S:U/C:L/I:L/A:L/E:P,CVSS:4.0/AV:N/AC:L/AT:N/PR:N/UI:N/VC:L/VI:L/VA:L/SC:N/SI:N/SA:N/E:P
CVE-2024-21783,CVSS:3.1/AV:L/AC:L/PR:L/UI:R/S:U/C:L/I:L/A:L,CVSS:4.0/AV:L/AC:L/AT:N/PR:L/UI:P/VC:L/VI:L/VA:L/SC:N/SI:N/SA:N
CVE-2024-21853,CVSS:3.1/AV:L/AC:H/PR:L/UI:N/S:U/C:N/I:N/A:H,CVSS:4.0/AV:L/AC:H/AT:N/PR:L/UI:N/VC:N/VI:N/VA:H/SC:N/SI:N/SA:N
CVE-2024-21799,CVSS:3.1/AV:L/AC:L/PR:L/UI:N/S:U/C:N/I:H/A:H,CVSS:4.0/AV:L/AC:L/AT:N/PR:L/UI:N/VC:N/VI:H/VA:H/SC:N/SI:N/SA:N
CVE-2024-21808,CVSS:3.1/AV:L/AC:H/PR:L/UI:R/S:U/C:L/I:L/A:L,CVSS:4.0/AV:L/AC:H/AT:N/PR:L/UI:A/VC:L/VI:L/VA:L/SC:N/SI:N/SA:N
CVE-2024-21577,CVSS:3.1/AV:N/AC:L/PR:N/UI:N/S:C/C:H/I:H/A:H,CVSS:4.0/AV:N/AC:L/AT:N/PR:N/UI:N/VC:H/VI:H/VA:H/SC:H/SI:H/SA:H
CVE-2024-21520,CVSS:3.1/AV:N/AC:L/PR:N/UI:R/S:C/C:L/I:L/A:N/E:P,CVSS:4.0/AV:N/AC:L/AT:N/PR:N/UI:P/VC:N/VI:L/VA:N/SC:L/SI:L/SA:N/E:P
CVE-2024-21576,CVSS:3.1/AV:N/AC:L/PR:N/UI:N/S:C/C:H/I:H/A:H,CVSS:4.0/AV:N/AC:L/AT:N/PR:N/UI:N/VC:H/VI:H/VA:H/SC:H/SI:H/SA:H
CVE-2024-21829,CVSS:3.1/AV:L/AC:H/PR:H/UI:N/S:C/C:H/I:H/A:H,CVSS:4.0/AV:L/AC:H/AT:P/PR:H/UI:N/VC:H/VI:H/VA:H/SC:H/SI:H/SA:H
CVE-2024-21517,CVSS:3.1/AV:N/AC:H/PR:N/UI:R/S:U/C:L/I:L/A:N/E:P,CVSS:4.0/AV:N/AC:L/AT:P/PR:N/UI:A/VC:L/VI:L/VA:N/SC:N/SI:N/SA:N/E:P
CVE-2024-21844,CVSS:3.1/AV:A/AC:L/PR:N/UI:N/S:U/C:N/I:N/A:L,CVSS:4.0/AV:A/AC:L/AT:N/PR:N/UI:N/VC:N/VI:N/VA:L/SC:N/SI:N/SA:N
CVE-2024-21859,CVSS:3.1/AV:L/AC:H/PR:H/UI:N/S:C/C:H/I:N/A:N,CVSS:4.0/AV:L/AC:H/AT:P/PR:H/UI:N/VC:H/VI:N/VA:N/SC:H/SI:N/SA:N
CVE-2024-21766,CVSS:3.1/AV:L/AC:H/PR:L/UI:R/S:U/C:H/I:H/A:H,CVSS:4.0/AV:L/AC:H/AT:P/PR:L/UI:A/VC:H/VI:H/VA:H/SC:N/SI:N/SA:N
CVE-2024-21547,CVSS:3.1/AV:N/AC:L/PR:N/UI:N/S:U/C:H/I:N/A:N/E:P,CVSS:4.0/AV:N/AC:L/AT:N/PR:N/UI:N/VC:H/VI:N/VA:N/SC:N/SI:N/SA:N/E:P
CVE-2024-21784,CVSS:3.1/AV:L/AC:H/PR:L/UI:R/S:U/C:H/I:H/A:H,CVSS:4.0/AV:L/AC:H/AT:P/PR:L/UI:A/VC:H/VI:H/VA:H/SC:N/SI:N/SA:N
CVE-2024-21546,CVSS:3.1/AV:N/AC:L/PR:N/UI:N/S:U/C:H/I:H/A:H/E:P,CVSS:4.0/AV:N/AC:L/AT:N/PR:N/UI:N/VC:H/VI:H/VA:H/SC:N/SI:N/SA:N/E:P
CVE-2024-30211,CVSS:3.1/AV:L/AC:H/PR:L/UI:R/S:U/C:H/I:H/A:N,CVSS:4.0/AV:L/AC:H/AT:P/PR:L/UI:A/VC:H/VI:H/VA:N/SC:N/SI:N/SA:N
CVE-2024-45371,CVSS:3.1/AV:L/AC:L/PR:L/UI:R/S:C/C:N/I:L/A:H,CVSS:4.0/AV:L/AC:L/AT:N/PR:L/UI:P/VC:N/VI:L/VA:H/SC:N/SI:N/SA:N
CVE-2024-45067,CVSS:3.1/AV:L/AC:L/PR:L/UI:R/S:C/C:H/I:H/A:H,CVSS:4.0/AV:L/AC:L/AT:P/PR:L/UI:A/VC:H/VI:H/VA:H/SC:N/SI:N/SA:N
CVE-2024-45333,CVSS:3.1/AV:L/AC:L/PR:L/UI:N/S:C/C:L/I:N/A:H,CVSS:4.0/AV:L/AC:L/AT:N/PR:L/UI:N/VC:L/VI:N/VA:H/SC:N/SI:N/SA:N
CVE-2024-45332,CVSS:3.1/AV:L/AC:H/PR:L/UI:N/S:C/C:H/I:N/A:N,CVSS:4.0/AV:L/AC:H/AT:P/PR:L/UI:N/VC:H/VI:N/VA:N/SC:N/SI:N/SA:N
CVE-2024-34028,CVSS:3.1/AV:L/AC:H/PR:L/UI:R/S:U/C:H/I:H/A:H,CVSS:4.0/AV:L/AC:H/AT:P/PR:L/UI:A/VC:H/VI:H/VA:H/SC:N/SI:N/SA:N
CVE-2024-34022,CVSS:3.1/AV:L/AC:H/PR:L/UI:R/S:U/C:H/I:H/A:H,CVSS:4.0/AV:L/AC:H/AT:P/PR:L/UI:A/VC:H/VI:H/VA:H/SC:N/SI:N/SA:N
CVE-2024-34167,CVSS:3.1/AV:L/AC:H/PR:L/UI:R/S:U/C:H/I:H/A:H,CVSS:4.0/AV:L/AC:H/AT:P/PR:L/UI:A/VC:H/VI:H/VA:H/SC:N/SI:N/SA:N
CVE-2024-34170,CVSS:3.1/AV:L/AC:L/PR:L/UI:N/S:U/C:L/I:L/A:H,CVSS:4.0/AV:L/AC:L/AT:N/PR:L/UI:N/VC:L/VI:L/VA:H/SC:N/SI:N/SA:N
CVE-2024-34023,CVSS:3.1/AV:L/AC:L/PR:L/UI:N/S:C/C:N/I:H/A:H,CVSS:4.0/AV:L/AC:L/AT:N/PR:L/UI:N/VC:N/VI:H/VA:H/SC:N/SI:N/SA:N
CVE-2024-34776,CVSS:3.1/AV:L/AC:H/PR:L/UI:N/S:U/C:L/I:L/A:L,CVSS:4.0/AV:L/AC:H/AT:N/PR:L/UI:N/VC:L/VI:L/VA:L/SC:N/SI:N/SA:N
CVE-2024-34165,CVSS:3.1/AV:L/AC:H/PR:L/UI:R/S:U/C:H/I:H/A:H,CVSS:4.0/AV:L/AC:H/AT:P/PR:L/UI:A/VC:H/VI:H/VA:H/SC:N/SI:N/SA:N
CVE-2024-34164,CVSS:3.1/AV:L/AC:H/PR:L/UI:R/S:U/C:H/I:H/A:H,CVSS:4.0/AV:L/AC:H/AT:P/PR:L/UI:A/VC:H/VI:H/VA:H/SC:N/SI:N/SA:N
CVE-2024-34163,CVSS:3.1/AV:L/AC:H/PR:H/UI:N/S:C/C:H/I:H/A:H,CVSS:4.0/AV:L/AC:H/AT:P/PR:H/UI:N/VC:H/VI:H/VA:H/SC:H/SI:H/SA:H
CVE-2024-24985,CVSS:3.1/AV:L/AC:H/PR:H/UI:N/S:C/C:H/I:H/A:N,CVSS:4.0/AV:L/AC:H/AT:P/PR:H/UI:N/VC:H/VI:H/VA:N/SC:H/SI:H/SA:N
CVE-2024-24984,CVSS:3.1/AV:A/AC:L/PR:N/UI:N/S:U/C:N/I:N/A:H,CVSS:4.0/AV:A/AC:L/AT:N/PR:N/UI:A/VC:N/VI:N/VA:H/SC:N/SI:N/SA:N
CVE-2024-24852,CVSS:3.1/AV:L/AC:H/PR:L/UI:R/S:U/C:H/I:H/A:H,CVSS:4.0/AV:L/AC:H/AT:P/PR:L/UI:A/VC:H/VI:H/VA:H/SC:N/SI:N/SA:N
CVE-2024-24983,CVSS:3.1/AV:N/AC:L/PR:N/UI:N/S:U/C:N/I:L/A:L,CVSS:4.0/AV:N/AC:L/AT:P/PR:N/UI:N/VC:N/VI:L/VA:L/SC:N/SI:H/SA:H
CVE-2024-24977,CVSS:3.1/AV:L/AC:H/PR:L/UI:R/S:U/C:H/I:H/A:H,CVSS:4.0/AV:L/AC:H/AT:P/PR:L/UI:A/VC:H/VI:H/VA:H/SC:N/SI:N/SA:N
CVE-2024-24582,CVSS:3.1/AV:L/AC:H/PR:H/UI:N/S:C/C:H/I:H/A:H,CVSS:4.0/AV:L/AC:H/AT:P/PR:H/UI:N/VC:H/VI:H/VA:H/SC:H/SI:H/SA:H
CVE-2024-24853,CVSS:3.1/AV:L/AC:H/PR:H/UI:R/S:C/C:H/I:H/A:H,CVSS:4.0/AV:L/AC:H/AT:P/PR:H/UI:P/VC:H/VI:H/VA:H/SC:H/SI:H/SA:H
CVE-2024-24580,CVSS:3.1/AV:L/AC:L/PR:L/UI:N/S:C/C:N/I:N/A:H,CVSS:4.0/AV:L/AC:L/AT:P/PR:L/UI:N/VC:N/VI:N/VA:H/SC:N/SI:N/SA:H
CVE-2024-24980,CVSS:3.1/AV:L/AC:H/PR:H/UI:N/S:C/C:L/I:H/A:N,CVSS:4.0/AV:L/AC:H/AT:P/PR:H/UI:N/VC:L/VI:H/VA:N/SC:L/SI:H/SA:N
CVE-2024-24968,CVSS:3.1/AV:L/AC:H/PR:H/UI:N/S:C/C:N/I:N/A:H,CVSS:4.0/AV:L/AC:H/AT:P/PR:H/UI:N/VC:N/VI:N/VA:H/SC:N/SI:N/SA:N
CVE-2024-24986,CVSS:3.1/AV:L/AC:L/PR:L/UI:N/S:C/C:H/I:H/A:H,CVSS:4.0/AV:L/AC:L/AT:N/PR:L/UI:N/VC:H/VI:H/VA:H/SC:H/SI:H/SA:H
CVE-2024-24973,CVSS:3.1/AV:L/AC:H/PR:L/UI:R/S:U/C:N/I:N/A:L,CVSS:4.0/AV:L/AC:H/AT:N/PR:L/UI:P/VC:N/VI:N/VA:L/SC:N/SI:N/SA:N
CVE-2024-41168,CVSS:3.1/AV:A/AC:L/PR:N/UI:N/S:C/C:N/I:N/A:H,CVSS:4.0/AV:A/AC:L/AT:N/PR:N/UI:N/VC:N/VI:N/VA:H/SC:N/SI:N/SA:L
CVE-2024-41934,CVSS:3.1/AV:L/AC:L/PR:L/UI:R/S:C/C:N/I:N/A:H,CVSS:4.0/AV:L/AC:L/AT:P/PR:L/UI:P/VC:N/VI:N/VA:H/SC:N/SI:N/SA:N
CVE-2024-41167,CVSS:3.1/AV:L/AC:H/PR:H/UI:N/S:C/C:H/I:H/A:H,CVSS:4.0/AV:L/AC:H/AT:P/PR:H/UI:N/VC:H/VI:H/VA:H/SC:H/SI:H/SA:H
CVE-2024-41917,CVSS:3.1/AV:L/AC:H/PR:L/UI:R/S:C/C:H/I:H/A:H,CVSS:4.0/AV:L/AC:H/AT:P/PR:L/UI:P/VC:H/VI:H/VA:H/SC:N/SI:N/SA:N
CVE-2024-41166,CVSS:3.1/AV:A/AC:H/PR:N/UI:N/S:C/C:N/I:N/A:H,CVSS:4.0/AV:A/AC:H/AT:P/PR:N/UI:N/VC:N/VI:N/VA:H/SC:N/SI:N/SA:L
CVE-2024-33607,CVSS:3.1/AV:L/AC:H/PR:L/UI:N/S:C/C:H/I:N/A:N,CVSS:4.0/AV:L/AC:H/AT:N/PR:L/UI:N/VC:H/VI:N/VA:N/SC:N/SI:N/SA:N
CVE-2024-33611,CVSS:3.1/AV:L/AC:L/PR:H/UI:N/S:U/C:N/I:L/A:L,CVSS:4.0/AV:L/AC:L/AT:N/PR:H/UI:N/VC:N/VI:L/VA:L/SC:N/SI:N/SA:N
CVE-2024-33617,CVSS:3.1/AV:N/AC:H/PR:N/UI:N/S:U/C:H/I:N/A:N,CVSS:4.0/AV:N/AC:H/AT:P/PR:N/UI:N/VC:H/VI:N/VA:N/SC:N/SI:N/SA:N
CVE-2024-33624,CVSS:3.1/AV:A/AC:L/PR:N/UI:N/S:U/C:N/I:N/A:L,CVSS:4.0/AV:A/AC:L/AT:N/PR:N/UI:N/VC:N/VI:N/VA:L/SC:N/SI:N/SA:N
CVE-2024-46895,CVSS:3.1/AV:L/AC:H/PR:L/UI:R/S:U/C:H/I:H/A:H,CVSS:4.0/AV:L/AC:H/AT:P/PR:L/UI:A/VC:H/VI:H/VA:H/SC:N/SI:N/SA:N
CVE-2024-23919,CVSS:3.1/AV:L/AC:L/PR:L/UI:N/S:U/C:L/I:L/A:L,CVSS:4.0/AV:L/AC:L/AT:N/PR:L/UI:N/VC:L/VI:L/VA:L/SC:N/SI:N/SA:N
CVE-2024-23974,CVSS:3.1/AV:L/AC:H/PR:L/UI:R/S:U/C:H/I:H/A:H,CVSS:4.0/AV:L/AC:H/AT:P/PR:L/UI:A/VC:H/VI:H/VA:H/SC:N/SI:N/SA:N
CVE-2024-23489,CVSS:3.1/AV:L/AC:H/PR:L/UI:R/S:U/C:H/I:H/A:H,CVSS:4.0/AV:L/AC:H/AT:P/PR:L/UI:A/VC:H/VI:H/VA:H/SC:N/SI:N/SA:N
CVE-2024-23981,CVSS:3.1/AV:L/AC:L/PR:L/UI:N/S:C/C:H/I:H/A:H,CVSS:4.0/AV:L/AC:L/AT:N/PR:L/UI:N/VC:H/VI:H/VA:H/SC:H/SI:H/SA:H
CVE-2024-23312,CVSS:3.1/AV:L/AC:H/PR:L/UI:R/S:U/C:H/I:H/A:H,CVSS:4.0/AV:L/AC:H/AT:P/PR:L/UI:A/VC:H/VI:H/VA:H/SC:N/SI:N/SA:N
CVE-2024-23918,CVSS:3.1/AV:L/AC:L/PR:L/UI:N/S:C/C:H/I:H/A:H,CVSS:4.0/AV:L/AC:L/AT:P/PR:L/UI:N/VC:H/VI:H/VA:H/SC:H/SI:H/SA:H
CVE-2024-23495,CVSS:3.1/AV:L/AC:H/PR:L/UI:R/S:U/C:H/I:H/A:H,CVSS:4.0/AV:L/AC:H/AT:P/PR:L/UI:A/VC:H/VI:H/VA:H/SC:N/SI:N/SA:N
CVE-2024-23909,CVSS:3.1/AV:L/AC:H/PR:L/UI:R/S:U/C:H/I:H/A:H,CVSS:4.0/AV:L/AC:H/AT:P/PR:L/UI:A/VC:H/VI:H/VA:H/SC:N/SI:N/SA:N
CVE-2024-23499,CVSS:3.1/AV:N/AC:L/PR:N/UI:N/S:U/C:N/I:L/A:L,CVSS:4.0/AV:N/AC:L/AT:P/PR:N/UI:N/VC:N/VI:L/VA:L/SC:N/SI:H/SA:H
CVE-2024-23908,CVSS:3.1/AV:L/AC:H/PR:L/UI:R/S:U/C:H/I:H/A:H,CVSS:4.0/AV:L/AC:H/AT:P/PR:L/UI:A/VC:H/VI:H/VA:H/SC:N/SI:N/SA:N
CVE-2024-23497,CVSS:3.1/AV:L/AC:L/PR:L/UI:N/S:C/C:H/I:H/A:H,CVSS:4.0/AV:L/AC:L/AT:N/PR:L/UI:N/VC:H/VI:H/VA:H/SC:H/SI:H/SA:H
CVE-2024-23907,CVSS:3.1/AV:L/AC:H/PR:L/UI:R/S:U/C:H/I:H/A:H,CVSS:4.0/AV:L/AC:H/AT:P/PR:L/UI:A/VC:H/VI:H/VA:H/SC:N/SI:N/SA:N
CVE-2024-23198,CVSS:3.1/AV:A/AC:L/PR:N/UI:R/S:C/C:N/I:N/A:H,CVSS:4.0/AV:A/AC:L/AT:N/PR:N/UI:A/VC:N/VI:N/VA:H/SC:N/SI:N/SA:N
CVE-2024-23984,CVSS:3.1/AV:L/AC:H/PR:H/UI:N/S:C/C:H/I:N/A:N,CVSS:4.0/AV:L/AC:H/AT:P/PR:H/UI:N/VC:H/VI:N/VA:N/SC:H/SI:N/SA:N
CVE-2024-23599,CVSS:3.1/AV:L/AC:L/PR:H/UI:N/S:C/C:N/I:H/A:H,CVSS:4.0/AV:L/AC:L/AT:N/PR:H/UI:N/VC:N/VI:H/VA:H/SC:N/SI:H/SA:H
CVE-2024-23491,CVSS:3.1/AV:L/AC:H/PR:L/UI:R/S:U/C:H/I:H/A:H,CVSS:4.0/AV:L/AC:H/AT:P/PR:L/UI:A/VC:H/VI:H/VA:H/SC:N/SI:N/SA:N
CVE-2024-37024,CVSS:3.1/AV:L/AC:H/PR:L/UI:R/S:U/C:H/I:H/A:H,CVSS:4.0/AV:L/AC:H/AT:P/PR:L/UI:P/VC:H/VI:H/VA:H/SC:N/SI:N/SA:N
CVE-2024-37025,CVSS:3.1/AV:L/AC:H/PR:L/UI:R/S:U/C:H/I:H/A:H,CVSS:4.0/AV:L/AC:H/AT:P/PR:L/UI:P/VC:H/VI:H/VA:H/SC:N/SI:N/SA:N
CVE-2024-37027,CVSS:3.1/AV:L/AC:L/PR:L/UI:R/S:U/C:L/I:L/A:H,CVSS:4.0/AV:L/AC:L/AT:N/PR:L/UI:P/VC:L/VI:L/VA:H/SC:N/SI:N/SA:N
CVE-2024-37181,CVSS:3.1/AV:A/AC:H/PR:L/UI:N/S:U/C:L/I:N/A:N,CVSS:4.0/AV:A/AC:H/AT:P/PR:L/UI:N/VC:L/VI:N/VA:N/SC:N/SI:N/SA:N
CVE-2024-37355,CVSS:3.1/AV:L/AC:L/PR:L/UI:N/S:C/C:H/I:H/A:H,CVSS:4.0/AV:L/AC:L/AT:N/PR:L/UI:N/VC:H/VI:H/VA:H/SC:N/SI:N/SA:N
CVE-2024-37020,CVSS:3.1/AV:L/AC:L/PR:L/UI:N/S:C/C:N/I:N/A:L,CVSS:4.0/AV:L/AC:L/AT:N/PR:L/UI:N/VC:N/VI:N/VA:L/SC:N/SI:N/SA:N
CVE-2024-27461,CVSS:3.1/AV:L/AC:L/PR:L/UI:R/S:U/C:N/I:L/A:H,CVSS:4.0/AV:L/AC:L/AT:P/PR:L/UI:P/VC:N/VI:L/VA:H/SC:N/SI:L/SA:L
CVE-2024-27457,CVSS:3.1/AV:L/AC:H/PR:H/UI:N/S:C/C:L/I:N/A:N,CVSS:4.0/AV:L/AC:H/AT:N/PR:H/UI:N/VC:L/VI:N/VA:N/SC:N/SI:N/SA:N
CVE-2024-27200,CVSS:3.1/AV:L/AC:L/PR:L/UI:N/S:U/C:L/I:L/A:N,CVSS:4.0/AV:L/AC:L/AT:N/PR:L/UI:N/VC:L/VI:L/VA:N/SC:N/SI:N/SA:N
CVE-2024-42492,CVSS:3.1/AV:L/AC:H/PR:L/UI:R/S:U/C:H/I:H/A:H,CVSS:4.0/AV:L/AC:H/AT:P/PR:L/UI:A/VC:H/VI:H/VA:H/SC:N/SI:N/SA:N
CVE-2024-42410,CVSS:3.1/AV:L/AC:L/PR:L/UI:N/S:C/C:N/I:N/A:H,CVSS:4.0/AV:L/AC:L/AT:N/PR:L/UI:N/VC:N/VI:N/VA:H/SC:N/SI:N/SA:N
CVE-2024-42405,CVSS:3.1/AV:L/AC:H/PR:L/UI:R/S:U/C:H/I:H/A:H,CVSS:4.0/AV:L/AC:H/AT:P/PR:L/UI:A/VC:H/VI:H/VA:H/SC:N/SI:N/SA:N
CVE-2024-42419,CVSS:3.1/AV:L/AC:H/PR:L/UI:R/S:U/C:H/I:H/A:H,CVSS:4.0/AV:L/AC:H/AT:P/PR:L/UI:A/VC:H/VI:H/VA:H/SC:N/SI:N/SA:N
CVE-2024-36275,CVSS:3.1/AV:L/AC:L/PR:L/UI:N/S:U/C:N/I:L/A:H,CVSS:4.0/AV:L/AC:L/AT:P/PR:L/UI:N/VC:N/VI:L/VA:H/SC:N/SI:N/SA:N
CVE-2024-36280,CVSS:3.1/AV:L/AC:H/PR:L/UI:R/S:U/C:H/I:H/A:H,CVSS:4.0/AV:L/AC:H/AT:P/PR:L/UI:A/VC:H/VI:H/VA:H/SC:N/SI:N/SA:N
CVE-2024-36242,CVSS:3.1/AV:L/AC:L/PR:L/UI:N/S:C/C:H/I:H/A:H,CVSS:4.0/AV:L/AC:L/AT:P/PR:L/UI:N/VC:H/VI:H/VA:H/SC:N/SI:N/SA:N
CVE-2024-36262,CVSS:3.1/AV:L/AC:H/PR:H/UI:N/S:C/C:H/I:H/A:N,CVSS:4.0/AV:L/AC:H/AT:N/PR:H/UI:N/VC:H/VI:H/VA:N/SC:H/SI:H/SA:H
CVE-2024-36274,CVSS:3.1/AV:A/AC:L/PR:N/UI:N/S:U/C:N/I:N/A:H,CVSS:4.0/AV:A/AC:L/AT:N/PR:N/UI:N/VC:N/VI:N/VA:H/SC:N/SI:N/SA:N
CVE-2024-36245,CVSS:3.1/AV:L/AC:H/PR:L/UI:R/S:U/C:H/I:H/A:H,CVSS:4.0/AV:L/AC:H/AT:N/PR:L/UI:A/VC:H/VI:H/VA:H/SC:N/SI:N/SA:N
CVE-2024-36253,CVSS:3.1/AV:L/AC:H/PR:L/UI:R/S:U/C:H/I:H/A:H,CVSS:4.0/AV:L/AC:H/AT:P/PR:L/UI:A/VC:H/VI:H/VA:H/SC:N/SI:N/SA:N
CVE-2024-36291,CVSS:3.1/AV:L/AC:H/PR:L/UI:R/S:U/C:H/I:H/A:H,CVSS:4.0/AV:L/AC:H/AT:P/PR:L/UI:A/VC:H/VI:H/VA:H/SC:N/SI:N/SA:N
CVE-2024-36284,CVSS:3.1/AV:A/AC:L/PR:L/UI:N/S:U/C:L/I:L/A:L,CVSS:4.0/AV:A/AC:L/AT:N/PR:L/UI:N/VC:L/VI:L/VA:L/SC:N/SI:N/SA:N
CVE-2024-36292,CVSS:3.1/AV:L/AC:L/PR:L/UI:N/S:C/C:L/I:N/A:H,CVSS:4.0/AV:L/AC:L/AT:N/PR:L/UI:N/VC:L/VI:N/VA:H/SC:L/SI:N/SA:H
CVE-2024-36482,CVSS:3.1/AV:L/AC:L/PR:H/UI:N/S:C/C:H/I:H/A:H,CVSS:4.0/AV:L/AC:L/AT:P/PR:H/UI:N/VC:H/VI:H/VA:H/SC:N/SI:N/SA:N
CVE-2024-36293,CVSS:3.1/AV:L/AC:L/PR:L/UI:N/S:C/C:N/I:N/A:H,CVSS:4.0/AV:L/AC:L/AT:N/PR:L/UI:N/VC:N/VI:N/VA:H/SC:N/SI:N/SA:N
CVE-2024-36285,CVSS:3.1/AV:L/AC:H/PR:L/UI:N/S:C/C:N/I:N/A:H,CVSS:4.0/AV:L/AC:H/AT:P/PR:L/UI:N/VC:N/VI:N/VA:H/SC:N/SI:N/SA:L
CVE-2024-36488,CVSS:3.1/AV:L/AC:L/PR:L/UI:R/S:U/C:H/I:H/A:H,CVSS:4.0/AV:L/AC:L/AT:P/PR:L/UI:A/VC:H/VI:H/VA:H/SC:N/SI:N/SA:N
CVE-2024-36282,CVSS:3.1/AV:L/AC:L/PR:H/UI:N/S:C/C:H/I:H/A:H,CVSS:4.0/AV:L/AC:L/AT:P/PR:H/UI:N/VC:H/VI:H/VA:H/SC:N/SI:N/SA:N
CVE-2024-36294,CVSS:3.1/AV:L/AC:H/PR:L/UI:R/S:U/C:H/I:H/A:H,CVSS:4.0/AV:L/AC:H/AT:P/PR:L/UI:A/VC:H/VI:H/VA:H/SC:N/SI:N/SA:N
CVE-2024-36283,CVSS:3.1/AV:L/AC:H/PR:L/UI:R/S:U/C:H/I:H/A:H,CVSS:4.0/AV:L/AC:H/AT:P/PR:L/UI:A/VC:H/VI:H/VA:H/SC:N/SI:N/SA:N
CVE-2024-36276,CVSS:3.1/AV:L/AC:H/PR:L/UI:R/S:U/C:H/I:H/A:H,CVSS:4.0/AV:L/AC:H/AT:P/PR:L/UI:A/VC:H/VI:H/VA:H/SC:N/SI:N/SA:N
CVE-2024-26022,CVSS:3.1/AV:L/AC:L/PR:L/UI:N/S:U/C:H/I:H/A:H,CVSS:4.0/AV:L/AC:L/AT:N/PR:L/UI:N/VC:H/VI:H/VA:H/SC:N/SI:N/SA:N
CVE-2024-26025,CVSS:3.1/AV:L/AC:H/PR:L/UI:R/S:U/C:H/I:H/A:H,CVSS:4.0/AV:L/AC:H/AT:P/PR:L/UI:A/VC:H/VI:H/VA:H/SC:N/SI:N/SA:N
CVE-2024-26027,CVSS:3.1/AV:L/AC:H/PR:L/UI:R/S:U/C:H/I:H/A:H,CVSS:4.0/AV:L/AC:H/AT:P/PR:L/UI:A/VC:H/VI:H/VA:H/SC:N/SI:N/SA:N
CVE-2024-26021,CVSS:3.1/AV:L/AC:L/PR:H/UI:N/S:U/C:L/I:N/A:N,CVSS:4.0/AV:L/AC:L/AT:N/PR:H/UI:N/VC:L/VI:N/VA:N/SC:N/SI:N/SA:N
CVE-2024-26017,CVSS:3.1/AV:L/AC:H/PR:L/UI:R/S:U/C:H/I:H/A:H,CVSS:4.0/AV:L/AC:H/AT:P/PR:L/UI:A/VC:H/VI:H/VA:H/SC:N/SI:N/SA:N
CVE-2024-43420,CVSS:3.1/AV:L/AC:H/PR:L/UI:N/S:C/C:H/I:N/A:N,CVSS:4.0/AV:L/AC:H/AT:P/PR:L/UI:N/VC:H/VI:N/VA:N/SC:N/SI:N/SA:N
CVE-2024-43101,CVSS:3.1/AV:L/AC:H/PR:L/UI:N/S:U/C:L/I:N/A:H,CVSS:4.0/AV:L/AC:H/AT:N/PR:L/UI:N/VC:L/VI:N/VA:H/SC:N/SI:N/SA:N
CVE-2024-32938,CVSS:3.1/AV:L/AC:H/PR:L/UI:R/S:U/C:H/I:H/A:H,CVSS:4.0/AV:L/AC:H/AT:P/PR:L/UI:A/VC:H/VI:H/VA:H/SC:N/SI:N/SA:N
CVE-2024-32942,CVSS:3.1/AV:L/AC:H/PR:L/UI:R/S:U/C:H/I:H/A:H,CVSS:4.0/AV:L/AC:H/AT:P/PR:L/UI:A/VC:H/VI:H/VA:H/SC:N/SI:N/SA:N
CVE-2024-32485,CVSS:3.1/AV:L/AC:L/PR:L/UI:R/S:U/C:N/I:L/A:L,CVSS:4.0/AV:L/AC:L/AT:N/PR:L/UI:A/VC:N/VI:L/VA:L/SC:N/SI:N/SA:N
CVE-2024-32667,CVSS:3.1/AV:L/AC:L/PR:L/UI:R/S:U/C:L/I:N/A:L,CVSS:4.0/AV:L/AC:L/AT:N/PR:L/UI:P/VC:L/VI:N/VA:L/SC:N/SI:N/SA:N
CVE-2024-32483,CVSS:3.1/AV:L/AC:L/PR:L/UI:R/S:C/C:H/I:H/A:H,CVSS:4.0/AV:L/AC:L/AT:N/PR:L/UI:P/VC:H/VI:H/VA:H/SC:N/SI:N/SA:N
CVE-2024-32044,CVSS:3.1/AV:A/AC:H/PR:L/UI:R/S:U/C:H/I:H/A:H,CVSS:4.0/AV:A/AC:H/AT:P/PR:L/UI:A/VC:H/VI:H/VA:H/SC:N/SI:N/SA:N
CVE-2024-32048,CVSS:3.1/AV:A/AC:L/PR:N/UI:N/S:U/C:N/I:N/A:H,CVSS:4.0/AV:A/AC:L/AT:P/PR:N/UI:N/VC:N/VI:N/VA:H/SC:N/SI:N/SA:N
CVE-2024-32941,CVSS:3.1/AV:L/AC:L/PR:L/UI:N/S:C/C:L/I:L/A:H,CVSS:4.0/AV:L/AC:L/AT:N/PR:L/UI:N/VC:L/VI:L/VA:H/SC:L/SI:L/SA:L
CVE-2024-47550,CVSS:3.1/AV:L/AC:H/PR:L/UI:R/S:U/C:H/I:H/A:H,CVSS:4.0/AV:L/AC:H/AT:P/PR:L/UI:A/VC:H/VI:H/VA:H/SC:N/SI:N/SA:N
CVE-2024-47795,CVSS:3.1/AV:L/AC:H/PR:L/UI:R/S:U/C:H/I:H/A:H,CVSS:4.0/AV:L/AC:H/AT:P/PR:L/UI:A/VC:H/VI:H/VA:H/SC:N/SI:N/SA:N
CVE-2024-47800,CVSS:3.1/AV:L/AC:H/PR:L/UI:R/S:U/C:H/I:H/A:H,CVSS:4.0/AV:L/AC:H/AT:P/PR:L/UI:A/VC:H/VI:H/VA:H/SC:N/SI:N/SA:N
CVE-2024-47006,CVSS:3.1/AV:L/AC:H/PR:L/UI:R/S:U/C:H/I:H/A:H,CVSS:4.0/AV:L/AC:H/AT:P/PR:L/UI:A/VC:H/VI:H/VA:H/SC:N/SI:N/SA:N
CVE-2024-22374,CVSS:3.1/AV:L/AC:L/PR:L/UI:N/S:C/C:N/I:N/A:H,CVSS:4.0/AV:L/AC:L/AT:N/PR:L/UI:N/VC:N/VI:N/VA:H/SC:N/SI:N/SA:N
CVE-2024-22378,CVSS:3.1/AV:L/AC:H/PR:L/UI:R/S:U/C:H/I:H/A:H,CVSS:4.0/AV:L/AC:H/AT:P/PR:L/UI:A/VC:H/VI:H/VA:H/SC:N/SI:N/SA:N
CVE-2024-22376,CVSS:3.1/AV:L/AC:H/PR:L/UI:R/S:U/C:H/I:H/A:H,CVSS:4.0/AV:L/AC:H/AT:P/PR:L/UI:A/VC:H/VI:H/VA:H/SC:N/SI:N/SA:N
CVE-2024-22185,CVSS:3.1/AV:L/AC:H/PR:H/UI:N/S:C/C:H/I:H/A:N,CVSS:4.0/AV:L/AC:H/AT:P/PR:H/UI:N/VC:H/VI:H/VA:N/SC:H/SI:H/SA:N
CVE-2024-22184,CVSS:3.1/AV:L/AC:H/PR:L/UI:R/S:U/C:H/I:H/A:H,CVSS:4.0/AV:L/AC:H/AT:P/PR:L/UI:A/VC:H/VI:H/VA:H/SC:N/SI:N/SA:N
CVE-2024-39285,CVSS:3.1/AV:L/AC:H/PR:H/UI:N/S:C/C:H/I:N/A:N,CVSS:4.0/AV:L/AC:H/AT:P/PR:H/UI:N/VC:H/VI:N/VA:N/SC:L/SI:N/SA:N
CVE-2024-39271,CVSS:3.1/AV:A/AC:H/PR:N/UI:R/S:U/C:L/I:N/A:N,CVSS:4.0/AV:A/AC:H/AT:P/PR:N/UI:A/VC:L/VI:N/VA:N/SC:N/SI:N/SA:N
CVE-2024-39355,CVSS:3.1/AV:L/AC:L/PR:L/UI:N/S:C/C:N/I:N/A:H,CVSS:4.0/AV:L/AC:L/AT:P/PR:L/UI:N/VC:N/VI:N/VA:H/SC:N/SI:N/SA:N
CVE-2024-39284,CVSS:3.1/AV:L/AC:H/PR:L/UI:R/S:U/C:H/I:H/A:H,CVSS:4.0/AV:L/AC:H/AT:P/PR:L/UI:A/VC:H/VI:H/VA:H/SC:N/SI:N/SA:N
CVE-2024-39372,CVSS:3.1/AV:L/AC:H/PR:L/UI:R/S:U/C:H/I:H/A:H,CVSS:4.0/AV:L/AC:H/AT:P/PR:L/UI:A/VC:H/VI:H/VA:H/SC:N/SI:N/SA:N
CVE-2024-39368,CVSS:3.1/AV:A/AC:L/PR:L/UI:N/S:U/C:H/I:H/A:H,CVSS:4.0/AV:A/AC:L/AT:N/PR:L/UI:N/VC:H/VI:H/VA:H/SC:N/SI:N/SA:N
CVE-2024-39811,CVSS:3.1/AV:L/AC:H/PR:H/UI:R/S:U/C:H/I:H/A:H,CVSS:4.0/AV:L/AC:H/AT:P/PR:H/UI:P/VC:H/VI:H/VA:H/SC:N/SI:N/SA:N
CVE-2024-39283,CVSS:3.1/AV:L/AC:L/PR:H/UI:N/S:U/C:H/I:H/A:N,CVSS:4.0/AV:L/AC:L/AT:P/PR:H/UI:N/VC:H/VI:H/VA:N/SC:H/SI:H/SA:N
CVE-2024-39779,CVSS:3.1/AV:L/AC:H/PR:L/UI:N/S:U/C:N/I:N/A:H,CVSS:4.0/AV:L/AC:L/AT:P/PR:L/UI:N/VC:N/VI:N/VA:H/SC:N/SI:N/SA:N
CVE-2024-39606,CVSS:3.1/AV:A/AC:H/PR:N/UI:N/S:C/C:N/I:N/A:H,CVSS:4.0/AV:A/AC:H/AT:N/PR:N/UI:N/VC:N/VI:N/VA:H/SC:N/SI:N/SA:N
CVE-2024-39797,CVSS:3.1/AV:L/AC:L/PR:L/UI:N/S:C/C:N/I:N/A:H,CVSS:4.0/AV:L/AC:L/AT:P/PR:L/UI:N/VC:N/VI:N/VA:H/SC:N/SI:N/SA:N
CVE-2024-39758,CVSS:3.1/AV:L/AC:L/PR:L/UI:R/S:C/C:N/I:N/A:H,CVSS:4.0/AV:L/AC:L/AT:N/PR:L/UI:A/VC:N/VI:N/VA:H/SC:N/SI:N/SA:N
CVE-2024-39365,CVSS:3.1/AV:L/AC:H/PR:L/UI:R/S:U/C:H/I:H/A:H,CVSS:4.0/AV:L/AC:H/AT:P/PR:L/UI:A/VC:H/VI:H/VA:H/SC:N/SI:N/SA:N
CVE-2024-39833,CVSS:3.1/AV:L/AC:H/PR:L/UI:R/S:U/C:H/I:H/A:H,CVSS:4.0/AV:L/AC:H/AT:P/PR:L/UI:A/VC:H/VI:H/VA:H/SC:N/SI:N/SA:N
CVE-2024-39813,CVSS:3.1/AV:L/AC:H/PR:L/UI:R/S:U/C:H/I:H/A:H,CVSS:4.0/AV:L/AC:H/AT:P/PR:L/UI:A/VC:H/VI:H/VA:H/SC:N/SI:N/SA:N
CVE-2024-39805,CVSS:3.1/AV:L/AC:H/PR:L/UI:N/S:C/C:H/I:H/A:H,CVSS:4.0/AV:L/AC:H/AT:P/PR:L/UI:N/VC:H/VI:H/VA:H/SC:N/SI:N/SA:N
CVE-2024-39279,CVSS:3.1/AV:L/AC:L/PR:L/UI:N/S:C/C:N/I:N/A:H,CVSS:4.0/AV:L/AC:L/AT:P/PR:L/UI:N/VC:N/VI:N/VA:H/SC:N/SI:N/SA:H
CVE-2024-39609,CVSS:3.1/AV:L/AC:H/PR:H/UI:N/S:C/C:H/I:H/A:H,CVSS:4.0/AV:L/AC:H/AT:P/PR:H/UI:N/VC:H/VI:H/VA:H/SC:H/SI:H/SA:H
CVE-2024-39356,CVSS:3.1/AV:A/AC:L/PR:N/UI:N/S:C/C:N/I:N/A:H,CVSS:4.0/AV:A/AC:L/AT:N/PR:N/UI:N/VC:N/VI:N/VA:H/SC:N/SI:N/SA:L
CVE-2024-39766,CVSS:3.1/AV:L/AC:H/PR:L/UI:N/S:U/C:H/I:H/A:H,CVSS:4.0/AV:L/AC:H/AT:P/PR:L/UI:N/VC:H/VI:H/VA:H/SC:N/SI:N/SA:N
CVE-2024-39286,CVSS:3.1/AV:L/AC:L/PR:L/UI:N/S:U/C:L/I:N/A:N,CVSS:4.0/AV:L/AC:L/AT:P/PR:L/UI:N/VC:L/VI:N/VA:N/SC:N/SI:N/SA:N
CVE-2024-29085,CVSS:3.1/AV:A/AC:L/PR:L/UI:N/S:U/C:L/I:L/A:L,CVSS:4.0/AV:A/AC:L/AT:N/PR:L/UI:N/VC:L/VI:L/VA:L/SC:N/SI:N/SA:N
CVE-2024-29077,CVSS:3.1/AV:L/AC:H/PR:L/UI:R/S:U/C:H/I:H/A:H,CVSS:4.0/AV:L/AC:H/AT:N/PR:L/UI:A/VC:H/VI:H/VA:H/SC:N/SI:N/SA:N
CVE-2024-29083,CVSS:3.1/AV:L/AC:H/PR:L/UI:R/S:U/C:H/I:H/A:H,CVSS:4.0/AV:L/AC:H/AT:P/PR:L/UI:A/VC:H/VI:H/VA:H/SC:N/SI:N/SA:N
CVE-2024-29076,CVSS:3.1/AV:L/AC:L/PR:L/UI:N/S:U/C:N/I:N/A:H,CVSS:4.0/AV:L/AC:L/AT:N/PR:L/UI:N/VC:N/VI:N/VA:H/SC:N/SI:N/SA:N
CVE-2024-29223,CVSS:3.1/AV:L/AC:H/PR:L/UI:R/S:U/C:H/I:H/A:H,CVSS:4.0/AV:L/AC:H/AT:P/PR:L/UI:A/VC:H/VI:H/VA:H/SC:N/SI:N/SA:N
CVE-2024-29079,CVSS:3.1/AV:L/AC:L/PR:L/UI:R/S:U/C:H/I:H/A:L,CVSS:4.0/AV:L/AC:L/AT:N/PR:L/UI:A/VC:H/VI:H/VA:L/SC:N/SI:N/SA:N
CVE-2024-29015,CVSS:3.1/AV:L/AC:H/PR:L/UI:R/S:U/C:H/I:H/A:H,CVSS:4.0/AV:L/AC:H/AT:P/PR:L/UI:A/VC:H/VI:H/VA:H/SC:N/SI:N/SA:N
CVE-2024-29214,CVSS:3.1/AV:L/AC:H/PR:H/UI:N/S:C/C:H/I:H/A:H,CVSS:4.0/AV:L/AC:H/AT:P/PR:H/UI:N/VC:H/VI:H/VA:H/SC:H/SI:H/SA:H
CVE-2024-29222,CVSS:3.1/AV:L/AC:L/PR:L/UI:N/S:U/C:N/I:L/A:H,CVSS:4.0/AV:L/AC:L/AT:P/PR:L/UI:N/VC:N/VI:L/VA:H/SC:N/SI:N/SA:N
CVE-2024-48963,CVSS:3.1/AV:N/AC:H/PR:N/UI:R/S:U/C:H/I:H/A:H,CVSS:4.0/AV:N/AC:L/AT:P/PR:N/UI:A/VC:H/VI:H/VA:H/SC:N/SI:N/SA:N
CVE-2024-48964,CVSS:3.1/AV:N/AC:H/PR:N/UI:R/S:U/C:H/I:H/A:H,CVSS:4.0/AV:N/AC:L/AT:P/PR:N/UI:A/VC:H/VI:H/VA:H/SC:N/SI:N/SA:N
CVE-2024-48869,CVSS:3.1/AV:L/AC:H/PR:H/UI:N/S:C/C:L/I:H/A:N,CVSS:4.0/AV:L/AC:H/AT:P/PR:H/UI:N/VC:L/VI:H/VA:N/SC:N/SI:N/SA:N
CVE-2024-38660,CVSS:3.1/AV:L/AC:L/PR:L/UI:N/S:C/C:N/I:L/A:N,CVSS:4.0/AV:L/AC:L/AT:P/PR:L/UI:N/VC:N/VI:L/VA:N/SC:N/SI:N/SA:N
CVE-2024-38387,CVSS:3.1/AV:L/AC:H/PR:L/UI:R/S:U/C:H/I:H/A:H,CVSS:4.0/AV:L/AC:H/AT:P/PR:L/UI:A/VC:H/VI:H/VA:H/SC:N/SI:N/SA:N
CVE-2024-38668,CVSS:3.1/AV:L/AC:H/PR:L/UI:R/S:U/C:H/I:H/A:H,CVSS:4.0/AV:L/AC:H/AT:P/PR:L/UI:A/VC:H/VI:H/VA:H/SC:N/SI:N/SA:N
CVE-2024-38310,CVSS:3.1/AV:L/AC:L/PR:L/UI:R/S:C/C:H/I:H/A:H,CVSS:4.0/AV:L/AC:L/AT:P/PR:L/UI:A/VC:H/VI:H/VA:H/SC:N/SI:N/SA:N
CVE-2024-38307,CVSS:3.1/AV:N/AC:L/PR:L/UI:N/S:C/C:N/I:N/A:H,CVSS:4.0/AV:N/AC:L/AT:N/PR:L/UI:N/VC:N/VI:N/VA:H/SC:N/SI:N/SA:L
CVE-2024-38665,CVSS:3.1/AV:L/AC:L/PR:L/UI:N/S:C/C:N/I:H/A:H,CVSS:4.0/AV:L/AC:L/AT:N/PR:L/UI:N/VC:N/VI:H/VA:H/SC:N/SI:N/SA:N
CVE-2024-38383,CVSS:3.1/AV:L/AC:H/PR:L/UI:R/S:U/C:H/I:H/A:H,CVSS:4.0/AV:L/AC:H/AT:P/PR:L/UI:A/VC:H/VI:H/VA:H/SC:N/SI:N/SA:N
CVE-2024-28953,CVSS:3.1/AV:L/AC:H/PR:L/UI:R/S:U/C:H/I:H/A:H,CVSS:4.0/AV:L/AC:H/AT:P/PR:L/UI:A/VC:H/VI:H/VA:H/SC:N/SI:N/SA:N
CVE-2024-28050,CVSS:3.1/AV:L/AC:L/PR:L/UI:R/S:U/C:N/I:N/A:H,CVSS:4.0/AV:L/AC:L/AT:N/PR:L/UI:P/VC:N/VI:N/VA:H/SC:N/SI:N/SA:N
CVE-2024-28046,CVSS:3.1/AV:L/AC:H/PR:L/UI:R/S:U/C:H/I:H/A:H,CVSS:4.0/AV:L/AC:H/AT:P/PR:L/UI:A/VC:H/VI:H/VA:H/SC:N/SI:N/SA:N
CVE-2024-28876,CVSS:3.1/AV:L/AC:H/PR:L/UI:R/S:U/C:H/I:H/A:H,CVSS:4.0/AV:L/AC:H/AT:P/PR:L/UI:A/VC:H/VI:H/VA:H/SC:N/SI:N/SA:N
CVE-2024-28030,CVSS:3.1/AV:L/AC:H/PR:L/UI:R/S:U/C:N/I:N/A:L,CVSS:4.0/AV:L/AC:H/AT:N/PR:L/UI:A/VC:N/VI:N/VA:L/SC:N/SI:N/SA:N
CVE-2024-28047,CVSS:3.1/AV:L/AC:H/PR:H/UI:N/S:C/C:H/I:N/A:N,CVSS:4.0/AV:L/AC:H/AT:P/PR:H/UI:N/VC:H/VI:N/VA:N/SC:H/SI:N/SA:N
CVE-2024-28952,CVSS:3.1/AV:L/AC:H/PR:L/UI:R/S:U/C:H/I:H/A:H,CVSS:4.0/AV:L/AC:H/AT:P/PR:L/UI:A/VC:H/VI:H/VA:H/SC:N/SI:N/SA:N
CVE-2024-28051,CVSS:3.1/AV:L/AC:H/PR:L/UI:R/S:U/C:L/I:N/A:N,CVSS:4.0/AV:L/AC:H/AT:N/PR:L/UI:A/VC:L/VI:N/VA:N/SC:N/SI:N/SA:N
CVE-2024-28172,CVSS:3.1/AV:L/AC:H/PR:L/UI:R/S:U/C:H/I:H/A:H,CVSS:4.0/AV:L/AC:H/AT:P/PR:L/UI:A/VC:H/VI:H/VA:H/SC:N/SI:N/SA:N
CVE-2024-28954,CVSS:3.1/AV:L/AC:H/PR:L/UI:R/S:U/C:H/I:H/A:H,CVSS:4.0/AV:L/AC:H/AT:P/PR:L/UI:A/VC:H/VI:H/VA:H/SC:N/SI:N/SA:N
CVE-2024-28169,CVSS:3.1/AV:A/AC:H/PR:L/UI:N/S:U/C:N/I:L/A:H,CVSS:4.0/AV:A/AC:H/AT:P/PR:L/UI:P/VC:N/VI:L/VA:H/SC:N/SI:N/SA:N
CVE-2024-28885,CVSS:3.1/AV:N/AC:H/PR:N/UI:N/S:U/C:H/I:N/A:N,CVSS:4.0/AV:N/AC:H/AT:N/PR:N/UI:N/VC:H/VI:N/VA:N/SC:N/SI:N/SA:N
CVE-2024-28036,CVSS:3.1/AV:L/AC:H/PR:L/UI:N/S:C/C:N/I:N/A:H,CVSS:4.0/AV:L/AC:H/AT:N/PR:L/UI:N/VC:N/VI:N/VA:H/SC:N/SI:N/SA:N
CVE-2024-28127,CVSS:3.1/AV:L/AC:H/PR:H/UI:N/S:C/C:H/I:H/A:H,CVSS:4.0/AV:L/AC:H/AT:P/PR:H/UI:N/VC:H/VI:H/VA:H/SC:H/SI:H/SA:H
CVE-2024-28887,CVSS:3.1/AV:L/AC:H/PR:L/UI:R/S:U/C:H/I:H/A:H,CVSS:4.0/AV:L/AC:H/AT:P/PR:L/UI:A/VC:H/VI:H/VA:H/SC:N/SI:N/SA:N
CVE-2024-28956,CVSS:3.1/AV:L/AC:H/PR:L/UI:N/S:C/C:H/I:N/A:N,CVSS:4.0/AV:L/AC:H/AT:P/PR:L/UI:N/VC:H/VI:N/VA:N/SC:N/SI:N/SA:N
CVE-2024-28947,CVSS:3.1/AV:L/AC:L/PR:H/UI:N/S:C/C:H/I:H/A:H,CVSS:4.0/AV:L/AC:L/AT:P/PR:H/UI:N/VC:H/VI:H/VA:H/SC:N/SI:N/SA:N
CVE-2024-28049,CVSS:3.1/AV:A/AC:L/PR:N/UI:R/S:U/C:N/I:N/A:H,CVSS:4.0/AV:A/AC:L/AT:N/PR:N/UI:A/VC:N/VI:N/VA:H/SC:N/SI:N/SA:N
CVE-2024-28028,CVSS:3.1/AV:A/AC:H/PR:N/UI:N/S:U/C:H/I:H/A:H,CVSS:4.0/AV:A/AC:H/AT:P/PR:N/UI:N/VC:H/VI:H/VA:H/SC:N/SI:N/SA:N
CVE-2024-28881,CVSS:3.1/AV:L/AC:H/PR:L/UI:R/S:U/C:H/I:H/A:H,CVSS:4.0/AV:L/AC:H/AT:P/PR:L/UI:A/VC:H/VI:H/VA:H/SC:N/SI:N/SA:N
CVE-2024-28950,CVSS:3.1/AV:L/AC:H/PR:L/UI:R/S:U/C:H/I:H/A:H,CVSS:4.0/AV:L/AC:H/AT:P/PR:L/UI:A/VC:H/VI:H/VA:H/SC:N/SI:N/SA:N
CVE-2023-35123,CVSS:3.1/AV:N/AC:L/PR:L/UI:N/S:U/C:N/I:N/A:L,CVSS:4.0/AV:N/AC:L/AT:P/PR:L/UI:P/VC:N/VI:N/VA:H/SC:N/SI:N/SA:N
CVE-2023-35061,CVSS:3.1/AV:A/AC:L/PR:N/UI:N/S:U/C:L/I:N/A:N,CVSS:4.0/AV:A/AC:L/AT:P/PR:N/UI:N/VC:L/VI:N/VA:N/SC:N/SI:N/SA:N
CVE-2023-25546,CVSS:3.1/AV:L/AC:H/PR:H/UI:N/S:C/C:N/I:N/A:L,CVSS:4.0/AV:L/AC:H/AT:P/PR:H/UI:N/VC:N/VI:N/VA:L/SC:N/SI:N/SA:L
CVE-2023-40067,CVSS:3.1/AV:P/AC:H/PR:N/UI:N/S:C/C:L/I:H/A:N,CVSS:4.0/AV:P/AC:H/AT:P/PR:N/UI:N/VC:N/VI:H/VA:N/SC:L/SI:H/SA:N
CVE-2023-31276,CVSS:3.1/AV:L/AC:L/PR:H/UI:N/S:C/C:H/I:H/A:H,CVSS:4.0/AV:L/AC:L/AT:N/PR:H/UI:N/VC:H/VI:H/VA:H/SC:N/SI:N/SA:N
CVE-2023-34424,CVSS:3.1/AV:L/AC:L/PR:H/UI:N/S:U/C:N/I:N/A:H,CVSS:4.0/AV:L/AC:L/AT:N/PR:H/UI:N/VC:N/VI:N/VA:H/SC:N/SI:N/SA:N
CVE-2023-34440,CVSS:3.1/AV:L/AC:H/PR:H/UI:N/S:C/C:H/I:H/A:H,CVSS:4.0/AV:L/AC:H/AT:P/PR:H/UI:N/VC:H/VI:H/VA:H/SC:H/SI:H/SA:H
CVE-2023-41833,CVSS:3.1/AV:L/AC:H/PR:H/UI:N/S:C/C:H/I:H/A:H,CVSS:4.0/AV:L/AC:H/AT:P/PR:H/UI:N/VC:H/VI:H/VA:H/SC:H/SI:H/SA:H
CVE-2023-23904,CVSS:3.1/AV:L/AC:H/PR:H/UI:N/S:C/C:N/I:H/A:L,CVSS:4.0/AV:L/AC:H/AT:P/PR:H/UI:N/VC:N/VI:H/VA:L/SC:N/SI:H/SA:L
CVE-2023-42667,CVSS:3.1/AV:L/AC:H/PR:L/UI:N/S:C/C:H/I:H/A:H,CVSS:4.0/AV:L/AC:H/AT:P/PR:L/UI:N/VC:H/VI:H/VA:H/SC:N/SI:N/SA:N
CVE-2023-42772,CVSS:3.1/AV:L/AC:L/PR:H/UI:N/S:C/C:H/I:H/A:H,CVSS:4.0/AV:L/AC:L/AT:P/PR:H/UI:N/VC:H/VI:H/VA:H/SC:H/SI:H/SA:H
CVE-2023-43489,CVSS:3.1/AV:L/AC:L/PR:L/UI:N/S:U/C:N/I:N/A:H,CVSS:4.0/AV:L/AC:L/AT:N/PR:L/UI:N/VC:N/VI:N/VA:H/SC:N/SI:N/SA:N
CVE-2023-43626,CVSS:3.1/AV:L/AC:H/PR:H/UI:N/S:C/C:H/I:H/A:H,CVSS:4.0/AV:L/AC:L/AT:P/PR:H/UI:N/VC:H/VI:H/VA:H/SC:H/SI:H/SA:H
CVE-2023-43758,CVSS:3.1/AV:L/AC:L/PR:H/UI:N/S:C/C:H/I:H/A:H,CVSS:4.0/AV:L/AC:L/AT:P/PR:H/UI:N/VC:H/VI:H/VA:H/SC:H/SI:H/SA:H
CVE-2023-43753,CVSS:3.1/AV:L/AC:H/PR:H/UI:N/S:C/C:H/I:N/A:N,CVSS:4.0/AV:L/AC:H/AT:N/PR:H/UI:N/VC:H/VI:N/VA:N/SC:H/SI:N/SA:N
CVE-2023-43747,CVSS:3.1/AV:L/AC:H/PR:L/UI:R/S:U/C:H/I:H/A:H,CVSS:4.0/AV:L/AC:H/AT:P/PR:L/UI:A/VC:H/VI:H/VA:H/SC:N/SI:N/SA:N
CVE-2023-32277,CVSS:3.1/AV:L/AC:L/PR:L/UI:N/S:U/C:H/I:N/A:L,CVSS:4.0/AV:L/AC:L/AT:P/PR:L/UI:P/VC:H/VI:N/VA:L/SC:N/SI:N/SA:N
CVE-2023-22351,CVSS:3.1/AV:L/AC:H/PR:H/UI:N/S:C/C:N/I:H/A:L,CVSS:4.0/AV:L/AC:L/AT:P/PR:H/UI:N/VC:N/VI:H/VA:L/SC:N/SI:H/SA:L
CVE-2023-29164,CVSS:3.1/AV:L/AC:L/PR:L/UI:N/S:C/C:L/I:H/A:N,CVSS:4.0/AV:L/AC:L/AT:P/PR:L/UI:N/VC:L/VI:H/VA:N/SC:N/SI:N/SA:N
CVE-2023-48267,CVSS:3.1/AV:L/AC:L/PR:H/UI:N/S:C/C:H/I:H/A:N,CVSS:4.0/AV:L/AC:L/AT:P/PR:H/UI:N/VC:H/VI:H/VA:N/SC:H/SI:H/SA:H
CVE-2023-48366,CVSS:3.1/AV:L/AC:H/PR:H/UI:N/S:C/C:H/I:N/A:N,CVSS:4.0/AV:L/AC:L/AT:P/PR:H/UI:N/VC:H/VI:N/VA:N/SC:N/SI:N/SA:N
CVE-2023-48361,CVSS:3.1/AV:L/AC:L/PR:H/UI:N/S:U/C:L/I:N/A:N,CVSS:4.0/AV:L/AC:L/AT:N/PR:H/UI:N/VC:L/VI:N/VA:N/SC:N/SI:N/SA:N
CVE-2023-49144,CVSS:3.1/AV:L/AC:L/PR:H/UI:N/S:C/C:H/I:L/A:N,CVSS:4.0/AV:L/AC:L/AT:N/PR:H/UI:N/VC:H/VI:N/VA:N/SC:H/SI:N/SA:N
CVE-2023-49618,CVSS:3.1/AV:L/AC:H/PR:H/UI:N/S:C/C:H/I:H/A:H,CVSS:4.0/AV:L/AC:L/AT:P/PR:H/UI:N/VC:H/VI:H/VA:H/SC:H/SI:H/SA:H
CVE-2023-49141,CVSS:3.1/AV:L/AC:H/PR:L/UI:N/S:C/C:H/I:H/A:H,CVSS:4.0/AV:L/AC:H/AT:P/PR:L/UI:N/VC:H/VI:H/VA:H/SC:N/SI:N/SA:N
CVE-2023-49603,CVSS:3.1/AV:L/AC:H/PR:H/UI:N/S:C/C:H/I:H/A:H,CVSS:4.0/AV:L/AC:L/AT:P/PR:H/UI:N/VC:H/VI:H/VA:H/SC:H/SI:H/SA:H
CVE-2023-49615,CVSS:3.1/AV:L/AC:H/PR:H/UI:N/S:C/C:H/I:H/A:H,CVSS:4.0/AV:L/AC:L/AT:P/PR:H/UI:N/VC:H/VI:H/VA:H/SC:H/SI:H/SA:H
CVE-2023-38655,CVSS:3.1/AV:N/AC:L/PR:H/UI:N/S:C/C:N/I:N/A:H,CVSS:4.0/AV:N/AC:L/AT:N/PR:H/UI:N/VC:N/VI:N/VA:H/SC:N/SI:N/SA:L
